﻿<?xml version="1.0" encoding="UTF-8"?>
 <overlay>
 	<block id="LISTENER">	 
	 	<label value="Ouvinte:" align="right" control="LISTENER"/> 
		<textbox id="LISTENER" width="140" prompt="objeto"/>
	</block>
	
	<block id="EVENT_RDBMSRESOLVER">
		<label id="EVENT_LABEL" value="Selecionar evento:" align="right" control="EVENT_MENU1"/> 
		<menulist id="EVENT_MENU1" prompt="evento" required="false" editable="true" width="140" onsetfocus="fl.runScript(fl.configURI + '/Javascript/UIComponents.jsfl', 'setControlToEvents','EVENT_MENU1','RDBMSResolver');">
			<menuitem label=""/>                     
		</menulist>
	</block>

	<block id="EVENT_WEBSERVICECONNECTOR">
		<label id="EVENT_LABEL" value="Selecionar evento:" align="right" control="EVENT_MENU2"/> 
		<menulist id="EVENT_MENU2" prompt="evento" required="false" editable="true" width="140" onsetfocus="fl.runScript(fl.configURI + '/Javascript/UIComponents.jsfl', 'setControlToEvents','EVENT_MENU2','WebServiceConnector');">
			<menuitem label=""/>                     
		</menulist>
	</block>

	<block id="EVENT_XMLCONNECTOR">
		<label id="EVENT_LABEL" value="Selecionar evento:" align="right" control="EVENT_MENU3"/> 
		<menulist id="EVENT_MENU3" prompt="evento" required="false" editable="true" width="140" onsetfocus="fl.runScript(fl.configURI + '/Javascript/UIComponents.jsfl', 'setControlToEvents','EVENT_MENU3','XMLConnector');">
			<menuitem label=""/>                     
		</menulist>
	</block>

	<block id="EVENT_XUPDATERESOLVER">
		<label id="EVENT_LABEL" value="Selecionar evento:" align="right" control="EVENT_MENU4"/> 
		<menulist id="EVENT_MENU4" prompt="evento" required="false" editable="true" width="140" onsetfocus="fl.runScript(fl.configURI + '/Javascript/UIComponents.jsfl', 'setControlToEvents','EVENT_MENU4','XUpdateResolver');">
			<menuitem label=""/>                     
		</menulist>
	</block>

	<block id="EVENT_DATASET">
		<label id="EVENT_LABEL" value="Selecionar evento:" align="right" control="EVENT_MENU5"/> 
		<menulist id="EVENT_MENU5" prompt="evento" required="false" editable="true" width="140" onsetfocus="fl.runScript(fl.configURI + '/Javascript/UIComponents.jsfl', 'setControlToEvents','EVENT_MENU5','DataSet');">
			<menuitem label=""/>                     
		</menulist>
	</block>

	<block id="EVENT_DATAHOLDER">
		<label id="EVENT_LABEL" value="Selecionar evento:" align="right" control="EVENT_MENU6"/> 
		<menulist id="EVENT_MENU6" prompt="evento" required="false" editable="true" width="140" onsetfocus="fl.runScript(fl.configURI + '/Javascript/UIComponents.jsfl', 'setControlToEvents','EVENT_MENU6','DataHolder');">
			<menuitem label=""/>                     
		</menulist>
	</block>


							
 </overlay>