﻿<?xml version="1.0" encoding="UTF-8"?>
<overlay>

	<block id="LISTENER">	 
		<label value="Ouvinte:" align="right" control="LISTENER"/> 
		<textbox id="LISTENER" prompt="objeto"/>
	</block>
	
	<block id="EVENT_FLVPLAYBACK">
		<label id="EVENT_LABEL" value="Selecionar evento:" align="right" control="FLVPLAYBACK_EVENT_MENU"/> 
		<menulist id="FLVPLAYBACK_EVENT_MENU" prompt="evento" required="false" editable="true" width="120" oncreate="fl.runScript(fl.configURI + '/Javascript/FLVPlayback.jsfl', 'setControlToEvents','FLVPLAYBACK_EVENT_MENU','flvplayback');">
			<menuitem label=""/> 										
		</menulist>
	</block>

</overlay>