﻿<?xml version="1.0" encoding="UTF-8"?>
 <overlay>
 	<block id="LISTENER">	 
	 	<label value="Ouvinte:" align="right" control="LISTENER"/> 
		<textbox id="LISTENER" width="200" prompt="objeto"/>
	</block>
	
	<block id="EVENT_FORM">
		<label id="EVENT_LABEL" value="Selecionar evento:" align="right" control="EVENT_MENU1"/> 
		<menulist id="EVENT_MENU1" prompt="evento" required="false" editable="true" width="200" onsetfocus="fl.runScript(fl.configURI + '/Javascript/UIComponents.jsfl', 'setControlToEvents','EVENT_MENU1','Form');">
			<menuitem label=""/>                     
		</menulist>
	</block>

	<block id="EVENT_SLIDE">
		<label id="EVENT_LABEL" value="Selecionar evento:" align="right" control="EVENT_MENU2"/> 
		<menulist id="EVENT_MENU2" prompt="evento" required="false" editable="true" width="200" onsetfocus="fl.runScript(fl.configURI + '/Javascript/UIComponents.jsfl', 'setControlToEvents','EVENT_MENU2','Slide');">
			<menuitem label=""/>                     
		</menulist>
	</block>


							
 </overlay>