﻿<?xml version="1.0" encoding="UTF-8"?>
 <overlay>
 	<block id="COMMAND">
		<!--the label is just a placeholder to get the columns laid out correctly - the textbox is needed so the param values match the order in the function  -->	 
	 	<label id="COMMAND_LABEL" value="" visible="false"/>
		<textbox id="COMMAND_PARAM" visible="false"/> 
	</block>
	
 	<block id="LISTENER">	 
	 	<label value="Ouvinte:" align="right" control="LISTENER"/> 
		<textbox id="LISTENER" width="140" prompt="objeto"/>
	</block>
	
	 <block id="ITEM_PARAMETERS">	 
	 	<label value="Parâmetros:" align="right" control="IPARAMETERS"/> 
		<textbox id="IPARAMETERS" size="50" prompt="objeto ou rótulo[,dados]"/>
	</block>

	 <block id="ITEMAT_PARAMETERS">	 
	 	<label value="Índice:" align="right" control="INDEX"/> 
		<textbox id="INDEX" size="50" prompt="Número Inteiro"/>
	 	<label value="Parâmetros:" align="right" control="IATPARAMETERS"/> 
		<textbox id="IATPARAMETERS" size="50" prompt="objeto ou rótulo[,dados]"/>
	</block>

	 <block id="SORTITEMS_PARAMETERS">	 
	 	<label value="Parâmetros:" align="right" control="SORT_PARAMS"/> 
		<textbox id="SORT_PARAMS" size="50" prompt="compararFunção, sinalizadorOpções"/>
	</block>

	
	<block id="EVENT_ACCORDION">
		<label id="EVENT_LABEL" value="Selecionar evento:" align="right" control="EVENT_MENU1"/> 
		<menulist id="EVENT_MENU1" prompt="evento" required="false" editable="true" width="140" onsetfocus="fl.runScript(fl.configURI + '/Javascript/UIComponents.jsfl', 'setControlToEvents','EVENT_MENU1','Accordion');">
			<menuitem label=""/>                     
		</menulist>
	</block>

	<block id="EVENT_SCROLLPANE">
		<label id="EVENT_LABEL" value="Selecionar evento:" align="right" control="EVENT_MENU2"/> 
		<menulist id="EVENT_MENU2" prompt="evento" required="false" editable="true" width="140" onsetfocus="fl.runScript(fl.configURI + '/Javascript/UIComponents.jsfl', 'setControlToEvents','EVENT_MENU2','ScrollPane');">
			<menuitem label=""/>                     
		</menulist>
	</block>

	<block id="EVENT_WINDOW">
		<label id="EVENT_LABEL" value="Selecionar evento:" align="right" control="EVENT_MENU3"/> 
		<menulist id="EVENT_MENU3" prompt="evento" required="false" editable="true" width="140" onsetfocus="fl.runScript(fl.configURI + '/Javascript/UIComponents.jsfl', 'setControlToEvents','EVENT_MENU3','Window');">
			<menuitem label=""/>                     
		</menulist>
	</block>

	<block id="EVENT_ALERT">
		<label id="EVENT_LABEL" value="Selecionar evento:" align="right" control="EVENT_MENU4"/> 
		<menulist id="EVENT_MENU4" prompt="evento" required="false" editable="true" width="140" onsetfocus="fl.runScript(fl.configURI + '/Javascript/UIComponents.jsfl', 'setControlToEvents','EVENT_MENU4','Alert');">
			<menuitem label=""/>                     
		</menulist>
	</block>

	<block id="EVENT_BUTTON">
		<label id="EVENT_LABEL" value="Selecionar evento:" align="right" control="EVENT_MENU5"/> 
		<menulist id="EVENT_MENU5" prompt="evento" required="false" editable="true" width="140" onsetfocus="fl.runScript(fl.configURI + '/Javascript/UIComponents.jsfl', 'setControlToEvents','EVENT_MENU5','Button');">
			<menuitem label=""/>                     
		</menulist>
	</block>

	<block id="EVENT_CHECKBOX">
		<label id="EVENT_LABEL" value="Selecionar evento:" align="right" control="EVENT_MENU6"/> 
		<menulist id="EVENT_MENU6" prompt="evento" required="false" editable="true" width="140" onsetfocus="fl.runScript(fl.configURI + '/Javascript/UIComponents.jsfl', 'setControlToEvents','EVENT_MENU6','CheckBox');">
			<menuitem label=""/>                     
		</menulist>
	</block>

	<block id="EVENT_COMBOBOX">
		<label id="EVENT_LABEL" value="Selecionar evento:" align="right" control="EVENT_MENU7"/> 
		<menulist id="EVENT_MENU7" prompt="evento" required="false" editable="true" width="140" onsetfocus="fl.runScript(fl.configURI + '/Javascript/UIComponents.jsfl', 'setControlToEvents','EVENT_MENU7','ComboBox');">
			<menuitem label=""/>                     
		</menulist>
	</block>

	<block id="EVENT_DATAGRID">
		<label id="EVENT_LABEL" value="Selecionar evento:" align="right" control="EVENT_MENU8"/> 
		<menulist id="EVENT_MENU8" prompt="evento" required="false" editable="true" width="140" onsetfocus="fl.runScript(fl.configURI + '/Javascript/UIComponents.jsfl', 'setControlToEvents','EVENT_MENU8','DataGrid');">
			<menuitem label=""/>                     
		</menulist>
	</block>

	<block id="EVENT_DATECHOOSER">
		<label id="EVENT_LABEL" value="Selecionar evento:" align="right" control="EVENT_MENU9"/> 
		<menulist id="EVENT_MENU9" prompt="evento" required="false" editable="true" width="140" onsetfocus="fl.runScript(fl.configURI + '/Javascript/UIComponents.jsfl', 'setControlToEvents','EVENT_MENU9','DateChooser');">
			<menuitem label=""/>                     
		</menulist>
	</block>

	<block id="EVENT_DATEFIELD">
		<label id="EVENT_LABEL" value="Selecionar evento:" align="right" control="EVENT_MENU10"/> 
		<menulist id="EVENT_MENU10" prompt="evento" required="false" editable="true" width="140" onsetfocus="fl.runScript(fl.configURI + '/Javascript/UIComponents.jsfl', 'setControlToEvents','EVENT_MENU10','DateField');">
			<menuitem label=""/>                     
		</menulist>
	</block>

	<block id="EVENT_LABEL">
		<label id="EVENT_LABEL" value="Selecionar evento:" align="right" control="EVENT_MENU11"/> 
		<menulist id="EVENT_MENU11" prompt="evento" required="false" editable="true" width="140" onsetfocus="fl.runScript(fl.configURI + '/Javascript/UIComponents.jsfl', 'setControlToEvents','EVENT_MENU11','Label');">
			<menuitem label=""/>                     
		</menulist>
	</block>

	<block id="EVENT_LIST">
		<label id="EVENT_LABEL" value="Selecionar evento:" align="right" control="EVENT_MENU12"/> 
		<menulist id="EVENT_MENU12" prompt="evento" required="false" editable="true" width="140" onsetfocus="fl.runScript(fl.configURI + '/Javascript/UIComponents.jsfl', 'setControlToEvents','EVENT_MENU12','List');">
			<menuitem label=""/>                     
		</menulist>
	</block>

	<block id="EVENT_LOADER">
		<label id="EVENT_LABEL" value="Selecionar evento:" align="right" control="EVENT_MENU13"/> 
		<menulist id="EVENT_MENU13" prompt="evento" required="false" editable="true" width="140" onsetfocus="fl.runScript(fl.configURI + '/Javascript/UIComponents.jsfl', 'setControlToEvents','EVENT_MENU13','Loader');">
			<menuitem label=""/>                     
		</menulist>
	</block>

	<block id="EVENT_MEDIACONTROLLER">
		<label id="EVENT_LABEL" value="Selecionar evento:" align="right" control="EVENT_MENU14"/> 
		<menulist id="EVENT_MENU14" prompt="evento" required="false" editable="true" width="140" onsetfocus="fl.runScript(fl.configURI + '/Javascript/UIComponents.jsfl', 'setControlToEvents','EVENT_MENU14','MediaController');">
			<menuitem label=""/>                     
		</menulist>
	</block>

	<block id="EVENT_MEDIADISPLAY">
		<label id="EVENT_LABEL" value="Selecionar evento:" align="right" control="EVENT_MENU15"/> 
		<menulist id="EVENT_MENU15" prompt="evento" required="false" editable="true" width="140" onsetfocus="fl.runScript(fl.configURI + '/Javascript/UIComponents.jsfl', 'setControlToEvents','EVENT_MENU15','MediaDisplay');">
			<menuitem label=""/>                     
		</menulist>
	</block>

	<block id="EVENT_MEDIAPLAYBACK">
		<label id="EVENT_LABEL" value="Selecionar evento:" align="right" control="EVENT_MENU16"/> 
		<menulist id="EVENT_MENU16" prompt="evento" required="false" editable="true" width="140" onsetfocus="fl.runScript(fl.configURI + '/Javascript/UIComponents.jsfl', 'setControlToEvents','EVENT_MENU16','MediaPlayback');">
			<menuitem label=""/>                     
		</menulist>
	</block>

	<block id="EVENT_MENU">
		<label id="EVENT_LABEL" value="Selecionar evento:" align="right" control="EVENT_MENU17"/> 
		<menulist id="EVENT_MENU17" prompt="evento" required="false" editable="true" width="140" onsetfocus="fl.runScript(fl.configURI + '/Javascript/UIComponents.jsfl', 'setControlToEvents','EVENT_MENU17','Menu');">
			<menuitem label=""/>                     
		</menulist>
	</block>

	<block id="EVENT_MENUBAR">
		<label id="EVENT_LABEL" value="Selecionar evento:" align="right" control="EVENT_MENU18"/> 
		<menulist id="EVENT_MENU18" prompt="evento" required="false" editable="true" width="140" onsetfocus="fl.runScript(fl.configURI + '/Javascript/UIComponents.jsfl', 'setControlToEvents','EVENT_MENU18','MenuBar');">
			<menuitem label=""/>                     
		</menulist>
	</block>

	<block id="EVENT_NUMERICSTEPPER">
		<label id="EVENT_LABEL" value="Selecionar evento:" align="right" control="EVENT_MENU19"/> 
		<menulist id="EVENT_MENU19" prompt="evento" required="false" editable="true" width="140" onsetfocus="fl.runScript(fl.configURI + '/Javascript/UIComponents.jsfl', 'setControlToEvents','EVENT_MENU19','NumericStepper');">
			<menuitem label=""/>                     
		</menulist>
	</block>


	
	<block id="EVENT_PROGRESSBAR">
		<label id="EVENT_LABEL" value="Selecionar evento:" align="right" control="EVENT_MENU20"/> 
		<menulist id="EVENT_MENU20" prompt="evento" required="false" editable="true" width="140" onsetfocus="fl.runScript(fl.configURI + '/Javascript/UIComponents.jsfl', 'setControlToEvents','EVENT_MENU20','ProgressBar');">
			<menuitem label=""/>                     
		</menulist>
	</block>
	
	<block id="EVENT_RADIOBUTTON">
		<label id="EVENT_LABEL" value="Selecionar evento:" align="right" control="EVENT_MENU21"/> 
		<menulist id="EVENT_MENU21" prompt="evento" required="false" editable="true" width="140" onsetfocus="fl.runScript(fl.configURI + '/Javascript/UIComponents.jsfl', 'setControlToEvents','EVENT_MENU21','RadioButton');">
			<menuitem label=""/>                     
		</menulist>
	</block>
	
	<block id="EVENT_TEXTAREA">
		<label id="EVENT_LABEL" value="Selecionar evento:" align="right" control="EVENT_MENU22"/> 
		<menulist id="EVENT_MENU22" prompt="evento" required="false" editable="true" width="140" onsetfocus="fl.runScript(fl.configURI + '/Javascript/UIComponents.jsfl', 'setControlToEvents','EVENT_MENU22','TextArea');">
			<menuitem label=""/>                     
		</menulist>
	</block>
	
	<block id="EVENT_TEXTINPUT">
		<label id="EVENT_LABEL" value="Selecionar evento:" align="right" control="EVENT_MENU23"/> 
		<menulist id="EVENT_MENU23" prompt="evento" required="false" editable="true" width="140" onsetfocus="fl.runScript(fl.configURI + '/Javascript/UIComponents.jsfl', 'setControlToEvents','EVENT_MENU23','TextInput');">
			<menuitem label=""/>                     
		</menulist>
	</block>	
	
	<block id="EVENT_TREE">
		<label id="EVENT_LABEL" value="Selecionar evento:" align="right" control="EVENT_MENU24"/> 
		<menulist id="EVENT_MENU24" prompt="evento" required="false" editable="true" width="140" onsetfocus="fl.runScript(fl.configURI + '/Javascript/UIComponents.jsfl', 'setControlToEvents','EVENT_MENU24','Tree');">
			<menuitem label=""/>                     
		</menulist>
	</block>
	
	<block id="EVENT_UISCROLLBAR">
		<label id="EVENT_LABEL" value="Selecionar evento:" align="right" control="EVENT_MENU25"/> 
		<menulist id="EVENT_MENU25" prompt="evento" required="false" editable="true" width="140" onsetfocus="fl.runScript(fl.configURI + '/Javascript/UIComponents.jsfl', 'setControlToEvents','EVENT_MENU25','UIScrollBar');">
			<menuitem label=""/>                     
		</menulist>
	</block>	
	
	<block id="EVENT_RADIOBUTTONGROUP">
		<label id="EVENT_LABEL" value="Selecionar evento:" align="right" control="EVENT_MENU26"/> 
		<menulist id="EVENT_MENU26" prompt="evento" required="false" editable="true" width="140" onsetfocus="fl.runScript(fl.configURI + '/Javascript/UIComponents.jsfl', 'setControlToEvents','EVENT_MENU26','RadioButtonGroup');">
			<menuitem label=""/>                     
		</menulist>
	</block>
		<block id="EVENT_POPUPMANAGER">
		<label id="EVENT_LABEL" value="Selecionar evento:" align="right" control="EVENT_MENU27"/> 
		<menulist id="EVENT_MENU27" prompt="evento" required="false" editable="true" width="140" onsetfocus="fl.runScript(fl.configURI + '/Javascript/UIComponents.jsfl', 'setControlToEvents','EVENT_MENU27','PopUpManager');">
			<menuitem label=""/>                     
		</menulist>
	</block>
	
	 <block id="ALERT_MESSAGE">	 
	 	<label value="Mensagem:" align="right" control="ALERT_MSG"/> 
		<textbox id="ALERT_MSG" size="30" prompt="string"/>
	</block>
	
	 <block id="ALERT_TITLE_OPT">	 
	 	<label value="[Título]:" align="right" control="ALERT_TTL"/> 
		<textbox id="ALERT_TTL" size="10" prompt="string"/>
	</block>
	
	<block id="ALERT_FLAGS_OPT">
		<label value="[Sinalizadores]:" align="right" control="ALERT_FLGS"/> 
		<menulist id="ALERT_FLGS" prompt="sinalizador1|sinalizador2" required="false" editable="true" width="100" oncreate="fl.runScript(fl.configURI + '/Javascript/UIComponents.jsfl', 'setControlToFlags','ALERT_FLGS');">
			<menuitem label=""/>                        
		</menulist>
	</block>					
							
	<block id="PARENT_WINDOW_OPT">	 
	 	<label value="[Pai]:" align="right" control="PARENT_WIN"/> 
		<textbox id="PARENT_WIN" size="10" prompt="Window"/>
	</block>
						
	<block id="CLICK_HANDLER_OPT">	 
	 	<label value="[Manipulador de clique]:" align="right" control="CLICK_HDLR"/> 
		<textbox id="CLICK_HDLR" size="20" prompt="manipuladorClique"/>
	</block>
						
	<block id="ICON_OPT">	 
	 	<label value="[Ícone]:" align="right" control="ICON"/> 
		<textbox id="ICON" size="20" prompt="nome da ligação"/>
	</block>
			
	<block id="ALERT_DEFAULT_BUTTON_OPT">
		<label value="[Botão padrão]:" align="right" control="ALERT_DFLT_BTN"/> 
		<menulist id="ALERT_DFLT_BTN" prompt="IDbotão" required="false" editable="true" width="100" oncreate="fl.runScript(fl.configURI + '/Javascript/UIComponents.jsfl', 'setControlToFlags','ALERT_DFLT_BTN');">
			<menuitem label=""/>                      
		</menulist>
	</block>							
							
 </overlay>