<?xml version="1.0" encoding="utf-8" standalone="yes"?>
<qnxFeatures>
    <feature>
        <featureName>access_internet</featureName>
        <description>Permitir que o aplicativo acesse o recurso remoto usando uma conexão de rede</description>
    </feature>
    <feature>
        <featureName>access_shared</featureName>
        <description>Permitir que o aplicativo acesse o sistema de arquivos compartilhados</description>
    </feature>
    <feature>
        <featureName>play_audio</featureName>
        <description>Permite que o aplicativo acesse os controles de áudio</description>
    </feature>
    <feature>
        <featureName>read_device_identifying_information</featureName>
        <description>Permite que o aplicativo acesse o PIN e o número de série do tablet</description>
    </feature>
	    <feature>
        <featureName>read_geolocation</featureName>
        <description>Permitir que o aplicativo acesse o local atual do dispositivo</description>
    </feature>
    <feature>
        <featureName>record_audio</featureName>
        <description>Permite que o aplicativo acesse o fluxo de áudio pelo microfone</description>
    </feature>
    <feature>
        <featureName>set_audio_volume</featureName>
        <description>Permite que o aplicativo acesse o controle de volume</description>
    </feature>
    <feature>
    <featureName>use_camera</featureName>
        <description>Permite que o aplicativo acesse os dados de uma ou mais câmeras</description>
    </feature>
</qnxFeatures>
