<!--paste_motion_special-->
<!--This XML file is used as a template to re-write the other file PasteMotionSpecialDialog.xml, in order to persist the settings.-->
<dialog title="Colar movimento especial" buttons="accept, cancel">
	<vbox>
		<label value="Colar estas propriedades:"/> 
		<checkbox id="x" checked="true" label="Posição X"/>
		<checkbox id="y" checked="true" label="Posição Y"/> 
		<checkbox id="scaleX" checked="true" label="Escala horizontal"/>
		<checkbox id="scaleY" checked="true" label="Escala vertical"/> 
		<checkbox id="rotationAndSkew" checked="true" label="Rotação e inclinação"/>
		<checkbox id="color" checked="true" label="Cor"/> 
		<checkbox id="filters" checked="true" label="Filtros"/>
		<checkbox id="blendMode" checked="true" label="Modo de mesclagem"/> 
		<separator/> 
		<checkbox id="overrideScale" checked="false" label="Substituir propriedades de dimensionamento de destino"/> 
		<checkbox id="overrideRotationAndSkew" checked="false" label="Substituir propriedades de rotação e inclinação de destino"/>
	</vbox>
</dialog> 
