﻿<!--paste_motion_special-->
<!--This XML file is used as a template to re-write the other file PasteMotionSpecialDialog.xml, in order to persist the settings.-->
<dialog title="Colar movimento especial" buttons="accept, cancel">
	<vbox>
		<label value="Colar estas propriedades:"/> 
		<checkbox id="x" checked="%x%" label="Posição X"/>
		<checkbox id="y" checked="%y%" label="Posição Y"/> 
		<checkbox id="scaleX" checked="%scaleX%" label="Escala horizontal"/>
		<checkbox id="scaleY" checked="%scaleY%" label="Escala vertical"/> 
		<checkbox id="rotationAndSkew" checked="%rotationAndSkew%" label="Rotação e inclinação"/>
		<checkbox id="color" checked="%color%" label="Cor"/> 
		<checkbox id="filters" checked="%filters%" label="Filtros"/>
		<checkbox id="blendMode" checked="%blendMode%" label="Modo de mesclagem"/> 
		<separator/> 
		<checkbox id="overrideScale" checked="%overrideScale%" label="Substituir propriedades de dimensionamento de destino"/> 
		<checkbox id="overrideRotationAndSkew" checked="%overrideRotationAndSkew%" label="Substituir propriedades de rotação e inclinação de destino"/>
	</vbox>
</dialog> 
