\ufeff<?xml version="1.0" encoding="utf-8"?>
		<customactions>
			<actionspanel>
				<ifedition edition="pro">
					<folder name="Componentes de dados" id="Data Components" index="true" tiptext="Componentes de dados do Flash" helpid="" version="6">
						<folder name="Ligação" id="[mx.data.binding.Binding]" index="true" tiptext="Um objeto que transfere dados entre 2 componentes" helpid="x2069E" version="6">
							<string name="Binding" text="new Binding(% origem:Object, dest:Object, formato:Object, ébidirecional:Boolean %)" object="[mx.data.binding.Binding]" tiptext="Criar uma ligação entre 2 componentes" helpid="x20635" version="6"/>
							<folder name="Métodos" id="Methods" tiptext="Métodos de ligação" version="6">
								<string name="execute" text=".execute(% reverter:Boolean %)" object="[mx.data.binding.Binding]" tiptext="Realizar uma transferência de dados da origem ao destino" helpid="x2061D" version="6"/>
							</folder>
						</folder>
						<folder name="ComponentMixins" id="[mx.data.binding.ComponentMixins]" index="true" tiptext="Métodos e propriedades disponíveis em qualquer componente ligado a dados" helpid="x2069D" version="6">
							<folder name="Métodos" id="Methods" tiptext="Métodos de ComponentMixins" version="6">
								<string name="getField" text=".getField(% propriedade:String, localização:Object %)" object="[mx.data.binding.ComponentMixins]" tiptext="Obter um objeto que dá acesso a um campo de dados" helpid="x20626" version="6"/>
								<string name="initComponent" text="mx.data.binding.ComponentMixins.initComponent(% componente %)" object="[mx.data.binding.ComponentMixins]" tiptext="Adicionar todas as funções de ComponentMixin a um componente" helpid="x20625" codehint="false" version="6"/>
								<string name="refreshDestinations" text=".refreshDestinations(% %)" object="[mx.data.binding.ComponentMixins]" tiptext="Executar todas as ligações que têm esse componente como origem" helpid="x2061A" version="6"/>
								<string name="refreshFromSources" text=".refreshFromSources(% %)" object="[mx.data.binding.ComponentMixins]" tiptext="Executar todas as ligações que têm esse componente como destino" helpid="x20619" version="6"/>
								<string name="validateProperty" text=".validateProperty(% propriedade:String, mensagensIniciais:Array %)" object="[mx.data.binding.ComponentMixins]" tiptext="Examinar um propriedade selecionada para ver se ela tem dados válidos" helpid="x2061B" version="6"/>
							</folder>
						</folder>
						<folder name="DataType" id="[mx.data.binding.DataType]" index="true" tiptext="Fornece acesso para obtenção/definição a um campo de propriedade de componente" helpid="x20695" version="6">
							<folder name="Propriedades" id="Properties" tiptext="Propriedades de DataType" version="6">
								<string name="encoder" text=".encoder" object="[mx.data.binding.DataType]" tiptext="O objeto codificador para esse campo" helpid="x2062F" version="6"/>
								<string name="formatter" text=".formatter" object="[mx.data.binding.DataType]" tiptext="O objeto formatador para esse campo" helpid="x2062E" version="6"/>
								<string name="kind" text=".kind" object="[mx.data.binding.DataType]" tiptext="O objeto de tipo para esse campo" helpid="x2062D" version="6"/>
							</folder>
							<folder name="Métodos" id="Methods" tiptext="Métodos de DataType" version="6">
								<string name="getAnyTypedValue" text=".getAnyTypedValue(% tiposSugeridos:Array %)" object="[mx.data.binding.DataType]" tiptext="Recupera o valor atual dos dados, considerando uma lista de tipos sugeridos." helpid="x20638" version="6"/>
								<string name="getAsBoolean" text=".getAsBoolean(% %)" object="[mx.data.binding.DataType]" tiptext="Obtém o valor atual, como booleano" helpid="x20627" version="6"/>
								<string name="getAsNumber" text=".getAsNumber(% %)" object="[mx.data.binding.DataType]" tiptext="Obtém o valor atual, como número" helpid="x20628" version="6"/>
								<string name="getAsString" text=".getAsString(% %)" object="[mx.data.binding.DataType]" tiptext="Obtém o valor atual, como string" helpid="x20629" version="6"/>
								<string name="getTypedValue" text=".getTypedValue(% tipoSolicitado:String %)" object="[mx.data.binding.DataType]" tiptext="Obter o valor deste campo, como um DataType especificado" helpid="x20630" version="6"/>
								<string name="setAnyTypedValue" text=".setAnyTypedValue(% novoValor:mx.data.binding.TypedValue %)" object="[mx.data.binding.DataType]" tiptext="Define os dados para um novo valor e tenta mais conversões de tipo, se necessário." helpid="x20639" version="6"/>
								<string name="setAsBoolean" text=".setAsBoolean(% novoValor:Boolean %)" object="[mx.data.binding.DataType]" tiptext="Define o valor atual, a partir de um booleano" helpid="x2062A" version="6"/>
								<string name="setAsNumber" text=".setAsNumber(% novoValor:Number %)" object="[mx.data.binding.DataType]" tiptext="Define o valor atual, a partir de um número" helpid="x2062B" version="6"/>
								<string name="setAsString" text=".setAsString(% novoValor:String %)" object="[mx.data.binding.DataType]" tiptext="Define o valor atual, a partir de uma string" helpid="x2062C" version="6"/>
								<string name="setTypedValue" text=".setTypedValue(% novoValor:mx.data.binding.TypedValue %)" object="[mx.data.binding.DataType]" tiptext="Definir o valor deste campo" helpid="x20631" version="6"/>
							</folder>
						</folder>
						<folder name="EndPoint" id="[mx.data.binding.EndPoint]" index="true" tiptext="Uma descrição de um EndPoint de uma ligação" helpid="x20699" version="6">
							<folder name="Propriedades" id="Properties" tiptext="Propriedades de EndPoint" version="6">
								<string name="component" text=".component" object="[mx.data.binding.EndPoint]" tiptext="O componente ou objeto contendo os dados" helpid="x20620" version="6"/>
								<string name="constant" text=".constant" object="[mx.data.binding.EndPoint]" tiptext="Um valor de dados constantes (somente para EndPoints de origem)" helpid="x2061F" version="6"/>
								<string name="event" text=".event" object="[mx.data.binding.EndPoint]" tiptext="O nome de um evento que o componente emite quando os dados são alterados" helpid="x20623" version="6"/>
								<string name="location" text=".location" object="[mx.data.binding.EndPoint]" tiptext="Um caminho na propriedade que identifica um campo de dados aninhado" helpid="x20622" version="6"/>
								<string name="property" text=".property" object="[mx.data.binding.EndPoint]" tiptext="A propriedade do componente que contém os dados" helpid="x20621" version="6"/>
							</folder>
						</folder>
						<folder name="TypedValue" id="[mx.data.binding.TypedValue]" index="true" tiptext="um valor de dados junto com informações de tipo" helpid="x20690" sort="false" version="6">
							<string name="TypedValue" text="new TypedValue(% value, nomeTipo:String, type %)" object="[mx.data.binding.TypedValue]" tiptext="construtor para a classe TypedValue" helpid="x20634" version="6"/>
							<folder name="Propriedades" id="Properties" tiptext="Propriedades de TypedValue" version="6">
								<string name="typeName" text=".typeName" object="[mx.data.binding.TypedValue]" tiptext="o nome do DataType do valor de dados" helpid="x20633" version="6"/>
								<string name="value" text=".value" object="[mx.data.binding.TypedValue]" tiptext="o valor de dados deste objeto" helpid="x20632" version="6"/>
							</folder>
						</folder>
						<folder name="DataHolder" id="[mx.data.components.DataHolder]" index="true" tiptext="Um componente que contém todos os dados que você desejar" helpid="x20616" version="6">
							<folder name="Propriedades" id="Properties" tiptext="Propriedades de DataHolder" version="6">
								<string name="data" text=".data" object="[mx.data.components.DataHolder]" tiptext="Os dados contidos neste componente" helpid="x20617" version="6"/>
							</folder>
							<folder name="Métodos" id="Methods" tiptext="Métodos de DataHolder" version="6">
								<string name="addEventListener" text=".addEventListener(% %)" object="[mx.data.components.DataHolder]" tiptext="Adiciona um ouvinte para um evento" helpid="x20AD4" version="6"/>
							</folder>
						</folder>
						<folder name="DataSet" id="[mx.data.components.DataSet]" index="true" tiptext="Gerencia a coleção de objetos de transferência" helpid="x205E3" version="6">
							<folder name="Propriedades" id="Properties" tiptext="Propriedades de DataSet" version="6">
								<string name="currentItem" text=".currentItem" object="[mx.data.components.DataSet]" tiptext="Obtém o objeto de transferência atual" helpid="x205E4" version="6"/>
								<string name="dataProvider" text=".dataProvider" object="[mx.data.components.DataSet]" tiptext="Retorna a API de DataProvider" helpid="x205E6" version="6"/>
								<string name="deltaPacket" text=".deltaPacket" object="[mx.data.components.DataSet]" tiptext="Retorna ou atribui alterações" helpid="x205E5" version="6"/>
								<string name="filterFunc" text=".filterFunc" object="[mx.data.components.DataSet]" tiptext="Método usado para filtrar itens" helpid="x205E8" version="6"/>
								<string name="filtered" text=".filtered" object="[mx.data.components.DataSet]" tiptext="Indica se os itens estão filtrados" helpid="x205E7" version="6"/>
								<string name="itemClassName" text=".itemClassName" object="[mx.data.components.DataSet]" tiptext="Objeto a ser criado ao atribuir itens" helpid="x205EA" version="6"/>
								<string name="items" text=".items" object="[mx.data.components.DataSet]" tiptext="Itens da coleção" helpid="x205E9" version="6"/>
								<string name="length" text=".length" object="[mx.data.components.DataSet]" tiptext="Comprimento atualmente visível dos itens da coleção" helpid="x205EB" version="6"/>
								<string name="logChanges" text=".logChanges" object="[mx.data.components.DataSet]" tiptext="Indica se mutações na coleção são registradas" helpid="x205EC" version="6"/>
								<string name="properties" text=".properties" object="[mx.data.components.DataSet]" tiptext="Lista do esquema especificado" helpid="x205ED" version="6"/>
								<string name="readOnly" text=".readOnly" object="[mx.data.components.DataSet]" tiptext="Indica se a coleção pode ser modificada" helpid="x205EE" version="6"/>
								<string name="schema" text=".schema" object="[mx.data.components.DataSet]" tiptext="Retorna ou atribui o esquema em formato XML" helpid="x205EF" version="6"/>
								<string name="selectedIndex" text=".selectedIndex" object="[mx.data.components.DataSet]" tiptext="contém o índice do objeto de transferência atual no DataSet" helpid="x205F0" version="6"/>
							</folder>
							<folder name="Métodos" id="Methods" tiptext="Métodos de DataSet" version="6">
								<string name="addEventListener" text=".addEventListener(% nome:String, handler %)" object="[mx.data.components.DataSet]" tiptext="Adiciona um ouvinte para o evento especificado" helpid="x20AD4" version="6"/>
								<string name="addItem" text=".addItem(% transferirObj:Object %)" object="[mx.data.components.DataSet]" tiptext="Adiciona o item especificado à coleção" helpid="x205F3" version="6"/>
								<string name="addItemAt" text=".addItemAt(% índice:Number, objetoItem:Object %)" object="[mx.data.components.DataSet]" tiptext="Adiciona o item especificado à coleção" helpid="x205D6" version="6"/>
								<string name="addSort" text=".addSort(% nome:String, listaProp:Array, opções:Number %)" object="[mx.data.components.DataSet]" tiptext="Classifica os itens na coleção" helpid="x205F2" version="6"/>
								<string name="applyUpdates" text=".applyUpdates(% %)" object="[mx.data.components.DataSet]" tiptext="Notifica os ouvintes que DeltaPacket está pronto" helpid="x205F5" version="6"/>
								<string name="changesPending" text=".changesPending(% %)" object="[mx.data.components.DataSet]" tiptext="Indica se há itens em DeltaPacket" helpid="x20605" version="6"/>
								<string name="clear" text=".clear(% %)" object="[mx.data.components.DataSet]" tiptext="Apaga da coleção os itens atualmente exibíveis" helpid="x205F6" version="6"/>
								<string name="createItem" text=".createItem(% dadosItem:Object %)" object="[mx.data.components.DataSet]" tiptext="Retorna um item recém-inicializado" helpid="x205F7" version="6"/>
								<string name="disableEvents" text=".disableEvents(% %)" object="[mx.data.components.DataSet]" tiptext="Impede os ouvintes de receberem eventos DataSet" helpid="x205F8" version="6"/>
								<string name="enableEvents" text=".enableEvents(% %)" object="[mx.data.components.DataSet]" tiptext="Permite que ouvintes recebam eventos DataSet" helpid="x205F9" version="6"/>
								<string name="find" text=".find(% valores:Array %)" object="[mx.data.components.DataSet]" tiptext="Localiza o objeto de transferência especificado no iterador atual" helpid="x205FA" version="6"/>
								<string name="findFirst" text=".findFirst(% valores:Array %)" object="[mx.data.components.DataSet]" tiptext="Localiza a primeira ocorrência do objeto de transferência especificado no iterador atual" helpid="x205FB" version="6"/>
								<string name="findLast" text=".findLast(% valores:Array %)" object="[mx.data.components.DataSet]" tiptext="Localiza a última ocorrência do objeto de transferência especificado no iterador atual" helpid="x205FC" version="6"/>
								<string name="first" text=".first(% %)" object="[mx.data.components.DataSet]" tiptext="Move para o primeiro item na coleção" helpid="x205FD" version="6"/>
								<string name="getItemId" text=".getItemId(% índice:Number %)" object="[mx.data.components.DataSet]" tiptext="Retorna o id exclusivo para o item especificado." helpid="x205FE" version="6"/>
								<string name="getIterator" text=".getIterator(% %)" object="[mx.data.components.DataSet]" tiptext="Retorna um clone do iterador atual." helpid="x205FF" version="6"/>
								<string name="getLength" text=".getLength(% %)" object="[mx.data.components.DataSet]" tiptext="Comprimento atualmente visível dos itens da coleção" helpid="x205D5" version="6"/>
								<string name="hasNext" text=".hasNext(% %)" object="[mx.data.components.DataSet]" tiptext="Indica se o iterador está no final da coleção" helpid="x20601" version="6"/>
								<string name="hasPrevious" text=".hasPrevious(% %)" object="[mx.data.components.DataSet]" tiptext="Indica se o iterador está no início da coleção" helpid="x20602" version="6"/>
								<string name="hasSort" text=".hasSort(% nome:String %)" object="[mx.data.components.DataSet]" tiptext="Indica se a classificação existe" helpid="x20603" version="6"/>
								<string name="isEmpty" text=".isEmpty(% %)" object="[mx.data.components.DataSet]" tiptext="Indica se há itens na coleção" helpid="x20604" version="6"/>
								<string name="last" text=".last(% %)" object="[mx.data.components.DataSet]" tiptext="Move para o último item na coleção" helpid="x20607" version="6"/>
								<string name="loadFromSharedObj" text=".loadFromSharedObj(% nomeObj:String, caminhoLocal:String %)" object="[mx.data.components.DataSet]" tiptext="Recupera o estado interno de DataSet a partir de um objeto compartilhado" helpid="x20608" version="6"/>
								<string name="locateById" text=".locateById(% id:String %)" object="[mx.data.components.DataSet]" tiptext="move o iterador atual até o item com o id especificado" helpid="x20606" version="6"/>
								<string name="next" text=".next(% %)" object="[mx.data.components.DataSet]" tiptext="Move para o próximo item na coleção" helpid="x20609" version="6"/>
								<string name="previous" text=".previous(% %)" object="[mx.data.components.DataSet]" tiptext="Move para o item anterior na coleção" helpid="x2060A" version="6"/>
								<string name="removeAll" text=".removeAll(% %)" object="[mx.data.components.DataSet]" tiptext="Remove todos os itens do DataSet, independentemente das configurações de iterador atuais" helpid="x2060B" version="6"/>
								<string name="removeEventListener" text=".removeEventListener(% nome:String, handler %)" object="[mx.data.components.DataSet]" tiptext="Remove o ouvinte de eventos especificado" helpid="x20AD7" version="6"/>
								<string name="removeItem" text=".removeItem(% item:Object %)" object="[mx.data.components.DataSet]" tiptext="Remove o item especificado" helpid="x2060D" version="6"/>
								<string name="removeItemAt" text=".removeItemAt(% índice:Number %)" object="[mx.data.components.DataSet]" tiptext="Remove o item no índice especificado" helpid="x205D7" version="6"/>
								<string name="removeRange" text=".removeRange(% %)" object="[mx.data.components.DataSet]" tiptext="Remove a faixa de iterador atual" helpid="x2060F" version="6"/>
								<string name="removeSort" text=".removeSort(% nome:String %)" object="[mx.data.components.DataSet]" tiptext="Remove a classificação especificada de DataSet" helpid="x20610" version="6"/>
								<string name="saveToSharedObj" text=".saveToSharedObj(% nomeObj:String, caminhoLocal:String %)" object="[mx.data.components.DataSet]" tiptext="Salva o estado interno de DataSet em um objeto compartilhado" helpid="x20612" version="6"/>
								<string name="setIterator" text=".setIterator(% novoIterador:ValueListIterator %)" object="[mx.data.components.DataSet]" tiptext="Define o iterador atual de DataSet como o especificado" helpid="x20613" version="6"/>
								<string name="setRange" text=".setRange(% valoresIniciais:Array, valoresFinais:Array %)" object="[mx.data.components.DataSet]" tiptext="Define a faixa de iterador atual" helpid="x20614" version="6"/>
								<string name="skip" text=".skip(% deslocamento:Number %)" object="[mx.data.components.DataSet]" tiptext="Move o iterador de acordo com o valor especificado" helpid="x20611" version="6"/>
								<string name="useSort" text=".useSort(% classificarNome:String, opções:Number %)" object="[mx.data.components.DataSet]" tiptext="Usa a classificação especificada" helpid="x20615" version="6"/>
							</folder>
							<folder name="Eventos" id="Events" tiptext="Eventos de DataSet" version="6">
								<string name="addItem" text=".addEventListener(&quot;addItem&quot;, %ouvinte%);" object="[mx.data.components.DataSet]" tiptext="Despachado antes da adição do item" helpid="x205D8" codehint="false" version="6"/>
								<string name="afterLoaded" text=".addEventListener(&quot;afterLoaded&quot;, %ouvinte%);" object="[mx.data.components.DataSet]" tiptext="Despachado após a atribuição da matriz de itens" helpid="x205D9" codehint="false" version="6"/>
								<string name="calcFields" text=".addEventListener(&quot;calcFields&quot;, %ouvinte%);" object="[mx.data.components.DataSet]" tiptext="Despachado quando os campos calculados devem ser atualizados" helpid="x205E2" codehint="false" version="6"/>
								<string name="deltaPacketChanged" text=".addEventListener(&quot;deltaPacketChanged&quot;, %ouvinte%);" object="[mx.data.components.DataSet]" tiptext="Despachado quando o pacote delta está pronto para uso" helpid="x205DD" codehint="false" version="6"/>
								<string name="iteratorScrolled" text=".addEventListener(&quot;iteratorScrolled&quot;, %ouvinte%);" object="[mx.data.components.DataSet]" tiptext="Despachado quando a posição do iterador é alterada" helpid="x205DE" codehint="false" version="6"/>
								<string name="modelChanged" text=".addEventListener(&quot;modelChanged&quot;, %ouvinte%);" object="[mx.data.components.DataSet]" tiptext="Despachado quando os itens foram modificados de alguma maneira" helpid="x205DA" codehint="false" version="6"/>
								<string name="newItem" text=".addEventListener(&quot;newItem&quot;, %ouvinte%);" object="[mx.data.components.DataSet]" tiptext="Despachado quando um novo item é construído por DataSet, antes de ser adicionado à coleção." helpid="x205DF" codehint="false" version="6"/>
								<string name="removeItem" text=".addEventListener(&quot;removeItem&quot;, %ouvinte%);" object="[mx.data.components.DataSet]" tiptext="Despachado antes de um item ser removido" helpid="x205DC" codehint="false" version="6"/>
								<string name="resolveDelta" text=".addEventListener(&quot;resolveDelta&quot;, %ouvinte%);" object="[mx.data.components.DataSet]" tiptext="Despachado quando é atribuído um DeltaPacket que contém mensagens" helpid="x205DB" codehint="false" version="6"/>
							</folder>
						</folder>
						<folder name="RDBMSResolver" id="[mx.data.components.RDBMSResolver]" index="true" tiptext="Converte pacotes delta em XML com formatação de BD" helpid="x205AE" version="6">
							<folder name="Propriedades" id="Properties" tiptext="Propriedades de RDBMSResolver" version="6">
								<string name="deltaPacket" text=".deltaPacket" object="[mx.data.components.RDBMSResolver]" tiptext="Objeto que descreve um conjunto de alterações em um conjunto de dados" helpid="x205B3" version="6"/>
								<string name="fieldInfo" text=".fieldInfo" object="[mx.data.components.RDBMSResolver]" tiptext="Especifica campos-chave e campos não atualizáveis" helpid="x205B2" version="6"/>
								<string name="nullValue" text=".nullValue" object="[mx.data.components.RDBMSResolver]" tiptext="String usada para indicar um valor nulo para um campo" helpid="x205B1" version="6"/>
								<string name="tableName" text=".tableName" object="[mx.data.components.RDBMSResolver]" tiptext="Nome de tabela de BD inserido em XML updatePacket" helpid="x205AF" version="6"/>
								<string name="updateMode" text=".updateMode" object="[mx.data.components.RDBMSResolver]" tiptext="Determina quais campos são definidos como campos-chave em updatePacket" helpid="x205B0" version="6"/>
								<string name="updatePacket" text=".updatePacket" object="[mx.data.components.RDBMSResolver]" tiptext="Conversão XML de DeltaPacket que pode ser enviado a um servidor" helpid="x205B4" version="6"/>
								<string name="updateResults" text=".updateResults" object="[mx.data.components.RDBMSResolver]" tiptext="Recebe um pacote de resultados do servidor para conversão em deltaPacket" helpid="x205B5" version="6"/>
							</folder>
							<folder name="Métodos" id="Methods" tiptext="Métodos de RDBMSResolver" version="6">
								<string name="addEventListener" text=".addEventListener(% %)" object="[mx.data.components.RDBMSResolver]" tiptext="Adiciona um ouvinte para um evento" helpid="x20AD4" version="6"/>
								<string name="addFieldInfo" text=".addFieldInfo(% nomeCampo:String, nomeProprietário:String, éTecla:Boolean %)" object="[mx.data.components.RDBMSResolver]" tiptext="Adiciona um novo item de coleção fieldInfo" helpid="x205B6" version="6"/>
							</folder>
							<folder name="Eventos" id="Events" tiptext="Eventos de RDBMSResolver" version="6">
								<string name="beforeApplyUpdates" text=".addEventListener(&quot;beforeApplyUpdates&quot;, %ouvinte%);" object="[mx.data.components.RDBMSResolver]" tiptext="Acionado logo antes de updatePacket ser enviado ao servidor" helpid="x205AB" codehint="false" version="6"/>
								<string name="reconcileResults" text=".addEventListener(&quot;reconcileResults&quot;, %ouvinte%);" object="[mx.data.components.RDBMSResolver]" tiptext="Acionado logo antes de os resultados da operação serem enviados ao conjunto de dados" helpid="x205AC" codehint="false" version="6"/>
								<string name="reconcileUpdates" text=".addEventListener(&quot;reconcileUpdates&quot;, %ouvinte%);" object="[mx.data.components.RDBMSResolver]" tiptext="Acionado logo antes de as atualizações do banco de dados serem enviadas ao conjunto de dados" helpid="x205AD" codehint="false" version="6"/>
							</folder>
						</folder>
						<folder name="WebServiceConnector" id="[mx.data.components.WebServiceConnector]" index="true" tiptext="Um componente que chama um método de serviço da Web" helpid="x20691" version="6">
							<folder name="Propriedades" id="Properties" tiptext="Propriedades de WebServiceConnector" version="6">
								<string name="WSDLURL" text=".WSDLURL" object="[mx.data.components.WebServiceConnector]" tiptext="A URL do arquivo WSDL que define um serviço da Web" helpid="x206AE" version="6"/>
								<string name="multipleSimultaneousAllowed" text=".multipleSimultaneousAllowed" object="[mx.data.components.WebServiceConnector]" tiptext="Se verdadeiro, a chamada será executada mesmo que outra chamada esteja em andamento; se falso, isso não acontecerá" helpid="x206A4" version="6"/>
								<string name="operation" text=".operation" object="[mx.data.components.WebServiceConnector]" tiptext="Nome de uma operação no serviço definido por WSDLURL" helpid="x206A5" version="6"/>
								<string name="params" text=".params" object="[mx.data.components.WebServiceConnector]" tiptext="Os dados que serão enviados ao servidor" helpid="x206A6" version="6"/>
								<string name="results" text=".results" object="[mx.data.components.WebServiceConnector]" tiptext="Resultado da última chamada de serviço da Web com êxito" helpid="x206A8" version="6"/>
								<string name="suppressInvalidCalls" text=".suppressInvalidCalls" object="[mx.data.components.WebServiceConnector]" tiptext="Se verdadeiro, os dados inválidos não serão enviados; se falso, os dados inválidos serão usados" helpid="x206AB" version="6"/>
							</folder>
							<folder name="Métodos" id="Methods" tiptext="Métodos de WebServiceConnector" version="6">
								<string name="addEventListener" text=".addEventListener(% %)" object="[mx.data.components.WebServiceConnector]" tiptext="Adiciona um ouvinte para um evento" helpid="x20AD4" version="6"/>
								<string name="trigger" text=".trigger(% %)" object="[mx.data.components.WebServiceConnector]" tiptext="Chama a operação do serviço da Web" helpid="x206AD" version="6"/>
							</folder>
							<folder name="Eventos" id="Events" tiptext="Eventos de WebServiceConnector" version="6">
								<string name="result" text=".addEventListener(&quot;result&quot;, %ouvinte%);" object="[mx.data.components.WebServiceConnector]" tiptext="Acionado quando a propriedade de resultados é atualizada." helpid="x206A7" codehint="false" version="6"/>
								<string name="send" text=".addEventListener(&quot;send&quot;, %ouvinte%);" object="[mx.data.components.WebServiceConnector]" tiptext="Acionado antes da chamada do serviço da Web" helpid="x206A9" codehint="false" version="6"/>
								<string name="status" text=".addEventListener(&quot;status&quot;, %ouvinte%);" object="[mx.data.components.WebServiceConnector]" tiptext="Acionado quando o status é alterado ou em caso de erros" helpid="x206AA" codehint="false" version="6"/>
							</folder>
						</folder>
						<folder name="XMLConnector" id="[mx.data.components.XMLConnector]" index="true" tiptext="Um componente que envia e recebe documentos XML" helpid="x20690" version="6">
							<folder name="Propriedades" id="Properties" tiptext="Propriedades de XMLConnector" version="6">
								<string name="URL" text=".URL" object="[mx.data.components.XMLConnector]" tiptext="A URL usada ao realizar operações HTTP" helpid="x206BA" version="6"/>
								<string name="direction" text=".direction" object="[mx.data.components.XMLConnector]" tiptext="Os dados serão enviados, recebidos ou ambos?" helpid="x206B1" version="6"/>
								<string name="ignoreWhite" text=".ignoreWhite" object="[mx.data.components.XMLConnector]" tiptext="Definir como verdadeiro para ignorar espaço em branco" helpid="x206A3" version="6"/>
								<string name="multipleSimultaneousAllowed" text=".multipleSimultaneousAllowed" object="[mx.data.components.XMLConnector]" tiptext="Se verdadeiro, a chamada será executada mesmo que outra chamada esteja em andamento; se falso, isso não acontecerá" helpid="x206B2" version="6"/>
								<string name="params" text=".params" object="[mx.data.components.XMLConnector]" tiptext="Os dados que serão enviados ao servidor" helpid="x206B3" version="6"/>
								<string name="results" text=".results" object="[mx.data.components.XMLConnector]" tiptext="Resultado da última operação HTTP" helpid="x206B5" version="6"/>
								<string name="suppressInvalidCalls" text=".suppressInvalidCalls" object="[mx.data.components.XMLConnector]" tiptext="Se verdadeiro, os dados inválidos não serão enviados; se falso, os dados inválidos serão usados" helpid="x206B8" version="6"/>
							</folder>
							<folder name="Métodos" id="Methods" tiptext="Métodos de XMLConnector" version="6">
								<string name="addEventListener" text=".addEventListener(% %)" object="[mx.data.components.XMLConnector]" tiptext="Adiciona um ouvinte para um evento" helpid="x20AD4" version="6"/>
								<string name="trigger" text=".trigger(% %)" object="[mx.data.components.XMLConnector]" tiptext="Inicia uma solicitação HTTP que envia e/ou recebe dados XML" helpid="x206B9" version="6"/>
							</folder>
							<folder name="Eventos" id="Events" tiptext="Eventos de XMLConnector" version="6">
								<string name="result" text=".addEventListener(&quot;result&quot;, %ouvinte%);" object="[mx.data.components.XMLConnector]" tiptext="Acionado quando a propriedade de resultados é atualizada." helpid="x206B4" codehint="false" version="6"/>
								<string name="send" text=".addEventListener(&quot;send&quot;, %ouvinte%);" object="[mx.data.components.XMLConnector]" tiptext="Acionado antes da chamada do serviço da Web" helpid="x206B6" codehint="false" version="6"/>
								<string name="status" text=".addEventListener(&quot;status&quot;, %ouvinte%);" object="[mx.data.components.XMLConnector]" tiptext="Acionado quando o status é alterado ou em caso de erros" helpid="x206B7" codehint="false" version="6"/>
							</folder>
						</folder>
						<folder name="XUpdateResolver" id="[mx.data.components.XUpdateResolver]" index="true" tiptext="Acionado antes que as atualizações do servidor sejam enviadas via ligação de dados" helpid="x205BA" version="6">
							<folder name="Propriedades" id="Properties" tiptext="Propriedades de XUpdateResolver" version="6">
								<string name="deltaPacket" text=".deltaPacket" object="[mx.data.components.XUpdateResolver]" tiptext="Log de alterações em DataSet" helpid="x205BC" version="6"/>
								<string name="includeDeltaPacketInfo" text=".includeDeltaPacketInfo" object="[mx.data.components.XUpdateResolver]" tiptext="Definir como verdadeiro para incluir informações adicionais sobre o pacote delta" helpid="x205BB" version="6"/>
								<string name="updateResults" text=".updateResults" object="[mx.data.components.XUpdateResolver]" tiptext="Pacote de resultados retornado do servidor" helpid="x205BE" version="6"/>
								<string name="xupdatePacket" text=".xupdatePacket" object="[mx.data.components.XUpdateResolver]" tiptext="Log de alterações em DataSet no formato XUpdate" helpid="x205BD" version="6"/>
							</folder>
							<folder name="Métodos" id="Methods" tiptext="Métodos de XUpdateResolver" version="6">
								<string name="addEventListener" text=".addEventListener(% %)" object="[mx.data.components.XUpdateResolver]" tiptext="Adiciona um ouvinte para um evento" helpid="x20AD4" version="6"/>
							</folder>
							<folder name="Eventos" id="Events" tiptext="Eventos de XUpdateResolver" version="6">
								<string name="beforeApplyUpdates" text=".addEventListener(&quot;beforeApplyUpdates&quot;, %ouvinte%);" object="[mx.data.components.XUpdateResolver]" tiptext="Acionado antes da atualização da propriedade XupdatePacket" helpid="x205B8" codehint="false" version="6"/>
								<string name="reconcileResults" text=".addEventListener(&quot;reconcileResults&quot;, %ouvinte%);" object="[mx.data.components.XUpdateResolver]" tiptext="Acionado antes que os resultados da operação sejam enviados via ligação de dados" helpid="x205B9" codehint="false" version="6"/>
							</folder>
						</folder>
						<folder name="Delta" id="[mx.data.components.datasetclasses.Delta]" index="true" tiptext="Contém a lista de alterações em um item" helpid="x2069C" version="6">
							<folder name="Métodos" id="Methods" tiptext="Métodos de Delta" version="6">
								<string name="addDeltaItem" text=".addDeltaItem(% d:DeltaItem %)" object="[mx.data.components.datasetclasses.Delta]" tiptext="Adiciona o DeltaItem especificado" helpid="x205C7" version="6"/>
								<string name="getChangeList" text=".getChangeList(% %)" object="[mx.data.components.datasetclasses.Delta]" tiptext="Retorna a lista de DeltaItems para este Delta" helpid="x205CA" version="6"/>
								<string name="getDeltaPacket" text=".getDeltaPacket(% %)" object="[mx.data.components.datasetclasses.Delta]" tiptext="Retorna o DeltaPacket associado" helpid="x205C1" version="6"/>
								<string name="getId" text=".getId(% %)" object="[mx.data.components.datasetclasses.Delta]" tiptext="Retorna o ID exclusivo deste delta" helpid="x205C8" version="6"/>
								<string name="getItemByName" text=".getItemByName(% nome:String %)" object="[mx.data.components.datasetclasses.Delta]" tiptext="Retorna o DeltaItem com nome ou nulo" helpid="x205CB" version="6"/>
								<string name="getMessage" text=".getMessage(% %)" object="[mx.data.components.datasetclasses.Delta]" tiptext="Retorna a mensagem associada ou em branco" helpid="x205CC" version="6"/>
								<string name="getOperation" text=".getOperation(% %)" object="[mx.data.components.datasetclasses.Delta]" tiptext="Retorna a operação associada" helpid="x205C9" version="6"/>
								<string name="getSource" text=".getSource(% %)" object="[mx.data.components.datasetclasses.Delta]" tiptext="Retorna o objeto de origem original que foi alterado" helpid="x205C0" version="6"/>
							</folder>
						</folder>
						<folder name="DeltaItem" id="[mx.data.components.datasetclasses.DeltaItem]" index="true" tiptext="Contém um único evento de mutação" helpid="x2069B" version="6">
							<folder name="Propriedades" id="Properties" tiptext="Propriedades de DeltaItem" version="6">
								<string name="argList" text=".argList" object="[mx.data.components.datasetclasses.DeltaItem]" tiptext="Retorna a lista de argumentos" helpid="x205D0" version="6"/>
								<string name="curValue" text=".curValue" object="[mx.data.components.datasetclasses.DeltaItem]" tiptext="Retorna o valor do servidor atual" helpid="x205CE" version="6"/>
								<string name="delta" text=".delta" object="[mx.data.components.datasetclasses.DeltaItem]" tiptext="Retorna a referência ao contêiner de Delta" helpid="x205D1" version="6"/>
								<string name="kind" text=".kind" object="[mx.data.components.datasetclasses.DeltaItem]" tiptext="Retorna o tipo de DeltaItem" helpid="x205D2" version="6"/>
								<string name="message" text=".message" object="[mx.data.components.datasetclasses.DeltaItem]" tiptext="Retorna a mensagem associada" helpid="x205D3" version="6"/>
								<string name="name" text=".name" object="[mx.data.components.datasetclasses.DeltaItem]" tiptext="Retorna o nome associado" helpid="x205D4" version="6"/>
								<string name="newValue" text=".newValue" object="[mx.data.components.datasetclasses.DeltaItem]" tiptext="Retorna o novo valor" helpid="x205CD" version="6"/>
								<string name="oldValue" text=".oldValue" object="[mx.data.components.datasetclasses.DeltaItem]" tiptext="Retorna o valor original" helpid="x205CF" version="6"/>
							</folder>
						</folder>
						<folder name="DeltaPacket" id="[mx.data.components.datasetclasses.DeltaPacket]" index="true" tiptext="Contém a coleção de alterações" helpid="x2069A" version="6">
							<folder name="Métodos" id="Methods" tiptext="Métodos de DeltaPacket" version="6">
								<string name="getConfigInfo" text=".getConfigInfo(% info:Object %)" object="[mx.data.components.datasetclasses.DeltaPacket]" tiptext="Retorna informações de configuração" helpid="x20624" version="6"/>
								<string name="getIterator" text=".getIterator(% %)" object="[mx.data.components.datasetclasses.DeltaPacket]" tiptext="Retorna um iterador das alterações" helpid="x205C2" version="6"/>
								<string name="getSource" text=".getSource(% %)" object="[mx.data.components.datasetclasses.DeltaPacket]" tiptext="Retorna o componente de origem" helpid="x205C3" version="6"/>
								<string name="getTimestamp" text=".getTimestamp(% %)" object="[mx.data.components.datasetclasses.DeltaPacket]" tiptext="Retorna a marca de tempo quando DeltaPacket foi criado" helpid="x205C5" version="6"/>
								<string name="getTransactionId" text=".getTransactionId(% %)" object="[mx.data.components.datasetclasses.DeltaPacket]" tiptext="Retorna o ID de transação associado" helpid="x205C4" version="6"/>
								<string name="logChanges" text=".logChanges(% %)" object="[mx.data.components.datasetclasses.DeltaPacket]" tiptext="Retorna verdadeiro se as alterações estiverem sendo registradas" helpid="x205C6" version="6"/>
							</folder>
						</folder>
						<folder name="Log" id="[mx.services.Log]" index="true" tiptext="contém dados de registro" helpid="x20697" version="6">
							<string name="Log" text="new Log(% nívelLog, nome %)" object="[mx.services.Log]" tiptext="Cria uma nova ocorrência de um objeto Log" helpid="x206D2" version="6"/>
							<folder name="Métodos" id="Methods" tiptext="Métodos de Log" version="6">
								<string name="onLog" text=".onLog(% mensagem %)" object="[mx.services.Log]" tiptext="usado para manipular a saída do registrador" helpid="x206BC" version="6"/>
							</folder>
						</folder>
						<folder name="PendingCall" id="[mx.services.PendingCall]" index="true" tiptext="informações referentes a uma chamada pendente para um serviço" helpid="x206D2" version="6">
							<folder name="Propriedades" id="Properties" tiptext="Propriedades de PendingCall" version="6">
								<string name="myCall" text=".myCall" object="[mx.services.PendingCall]" tiptext="chamada soap atual" helpid="x206BF" version="6"/>
								<string name="request" text=".request" object="[mx.services.PendingCall]" tiptext="documento de solicitação SOAP atual" helpid="x206C5" version="6"/>
								<string name="response" text=".response" object="[mx.services.PendingCall]" tiptext="documento de resultados SOAP atual" helpid="x206C6" version="6"/>
							</folder>
							<folder name="Métodos" id="Methods" tiptext="Métodos de PendingCall" version="6">
								<string name="getOutputParameter" text=".getOutputParameter(% índice %)" object="[mx.services.PendingCall]" tiptext="retornar o parâmetro de saída no índice especificado" helpid="x206C4" version="6"/>
								<string name="getOutputParameterByName" text=".getOutputParameterByName(% nomeLocal %)" object="[mx.services.PendingCall]" tiptext="retornar o parâmetro de saída para o nome especificado" helpid="x206C3" version="6"/>
								<string name="getOutputParameters" text=".getOutputParameters(% %)" object="[mx.services.PendingCall]" tiptext="retornar todos os membros da matriz de parâmetros que estão no modo OUT ou INOUT" helpid="x206C2" version="6"/>
								<string name="getOutputValue" text=".getOutputValue(% índice %)" object="[mx.services.PendingCall]" tiptext="retorna um único valor de saída" helpid="x206C1" version="6"/>
								<string name="getOutputValues" text=".getOutputValues(% %)" object="[mx.services.PendingCall]" tiptext="retorna valores dos parâmetros de saída" helpid="x206C0" version="6"/>
							</folder>
							<folder name="Manipuladores de eventos" id="Event Handlers" tiptext="Manipuladores de eventos de PendingCall" version="6">
								<string name="onFault" text=".onFault(% %)" object="[mx.services.PendingCall]" tiptext="chamado quando ocorre uma falha" helpid="x206BD" version="6"/>
								<string name="onResult" text=".onResult(% %)" object="[mx.services.PendingCall]" tiptext="chamado quando os resultados estão prontos" helpid="x206BE" version="6"/>
							</folder>
						</folder>
						<folder name="SOAPCall" id="[mx.services.SOAPCall]" index="true" tiptext="fornece um envelope de chamadas SOAP" helpid="x20693" version="6">
							<folder name="Propriedades" id="Properties" tiptext="Propriedades de SOAPCall" version="6">
								<string name="concurrency" text=".concurrency" object="[mx.services.SOAPCall]" tiptext="indica que tipo de concorrência é permitido" helpid="x206C9" version="6"/>
								<string name="doDecoding" text=".doDecoding" object="[mx.services.SOAPCall]" tiptext="indica se a decodificação deve ser realizada" helpid="x206C7" version="6"/>
								<string name="doLazyDecoding" text=".doLazyDecoding" object="[mx.services.SOAPCall]" tiptext="indica se a decodificação deve ser realizada conforme necessário" helpid="x206C8" version="6"/>
							</folder>
						</folder>
						<folder name="WebService" id="[mx.services.WebService]" index="true" tiptext="fornecer o ponto de entrada para chamar um serviço da Web" helpid="x206CE" sort="false" version="6">
							<string name="WebService" text="new WebService(% localwsdl:String %)" object="[mx.services.WebService]" tiptext="Cria uma nova ocorrência de um objeto WebService" helpid="x206D1" version="6"/>
							<folder name="Métodos" id="Methods" tiptext="Métodos de WebService" version="6">
								<string name="getCall" text=".getCall(% nomeOperação %)" object="[mx.services.WebService]" tiptext="retorna a chamada SOAP especificada" helpid="x206CD" version="6"/>
							</folder>
							<folder name="Manipuladores de eventos" id="Event Handlers" tiptext="Manipuladores de eventos de WebService" version="6">
								<string name="onFault" text=".onFault(% falha %)" object="[mx.services.WebService]" tiptext="este método será chamado se o WSDL não puder ser analisado e se o proxy não puder ser criado" helpid="x206CC" version="6"/>
								<string name="onLoad" text=".onLoad(% wsdl %)" object="[mx.services.WebService]" tiptext="este método será chamado depois que o WSDL tiver sido analisado e o proxy, criado" helpid="x206CB" version="6"/>
							</folder>
						</folder>
					</folder>
					<folder name="Tipos" id="Types" index="true" tiptext="Tipos de componentes que podem ser usados para digitação intensa" helpid="x20000" version="6">
						<string name="Binding" text="Binding" object="mx.data.binding.Binding" tiptext="Tipo Binding" helpid="x2069E" version="6"/>
						<string name="ComponentMixins" text="ComponentMixins" object="mx.data.binding.ComponentMixins" tiptext="Tipo ComponentMixins" helpid="x2069D" version="6"/>
						<string name="DataType" text="DataType" object="mx.data.binding.DataType" tiptext="Tipo DataType" helpid="x20695" version="6"/>
						<string name="EndPoint" text="EndPoint" object="mx.data.binding.EndPoint" tiptext="Tipo EndPoint" helpid="x20699" version="6"/>
						<string name="TypedValue" text="TypedValue" object="mx.data.binding.TypedValue" tiptext="Tipo TypedValue" helpid="x20690" version="6"/>
						<string name="DataHolder" text="DataHolder" object="mx.data.components.DataHolder" tiptext="Tipo DataHolder" helpid="x20616" version="6"/>
						<string name="DataSet" text="DataSet" object="mx.data.components.DataSet" tiptext="Tipo DataSet" helpid="x205E3" version="6"/>
						<string name="RDBMSResolver" text="RDBMSResolver" object="mx.data.components.RDBMSResolver" tiptext="Tipo RDBMSResolver" helpid="x205AE" version="6"/>
						<string name="WebServiceConnector" text="WebServiceConnector" object="mx.data.components.WebServiceConnector" tiptext="Tipo WebServiceConnector" helpid="x20691" version="6"/>
						<string name="XMLConnector" text="XMLConnector" object="mx.data.components.XMLConnector" tiptext="Tipo XMLConnector" helpid="x20690" version="6"/>
						<string name="XUpdateResolver" text="XUpdateResolver" object="mx.data.components.XUpdateResolver" tiptext="Tipo XUpdateResolver" helpid="x205BA" version="6"/>
						<string name="Delta" text="Delta" object="mx.data.components.datasetclasses.Delta" tiptext="Tipo Delta" helpid="x2069C" version="6"/>
						<string name="DeltaItem" text="DeltaItem" object="mx.data.components.datasetclasses.DeltaItem" tiptext="Tipo DeltaItem" helpid="x2069B" version="6"/>
						<string name="DeltaPacket" text="DeltaPacket" object="mx.data.components.datasetclasses.DeltaPacket" tiptext="Tipo DeltaPacket" helpid="x2069A" version="6"/>
						<string name="Log" text="Log" object="mx.services.Log" tiptext="Tipo Log" helpid="x20697" version="6"/>
						<string name="PendingCall" text="PendingCall" object="mx.services.PendingCall" tiptext="Tipo PendingCall" helpid="x20696" version="6"/>
						<string name="SOAPCall" text="SOAPCall" object="mx.services.SOAPCall" tiptext="Tipo SOAPCall" helpid="x20693" version="6"/>
						<string name="WebService" text="WebService" object="mx.services.WebService" tiptext="Tipo WebService" helpid="x206CE" version="6"/>
					</folder>
				</ifedition>
	</actionspanel>
	<codehints>
				<package name="mx.data.binding" children="Binding,ComponentMixins,DataAccessor,DataType,EndPoint,TypedValue"/>
				<package name="mx.data.components" children="DataHolder,DataSet,RDBMSResolver,WebServiceConnector,XMLConnector,XUpdateResolver"/>
				<package name="mx.data.components.datasetclasses" children="Delta,DeltaItem,DeltaPacket"/>
				<package name="mx.services" children="Log,PendingCall,SOAPCall,WebService"/>
	</codehints>
				<colorsyntax>
					<ifedition edition="pro">
						<identifier text="Binding"/>
						<identifier text="ComponentMixins"/>
						<identifier text="DataAccessor"/>
						<identifier text="DataHolder"/>
						<identifier text="DataSet"/>
						<identifier text="DataType"/>
						<identifier text="Delta"/>
						<identifier text="DeltaItem"/>
						<identifier text="DeltaPacket"/>
						<identifier text="EndPoint"/>
						<identifier text="Log"/>
						<identifier text="PendingCall"/>
						<identifier text="RDBMSResolver"/>
						<identifier text="SOAPCall"/>
						<identifier text="TypedValue"/>
						<identifier text="URL"/>
						<identifier text="WSDLURL"/>
						<identifier text="WebService"/>
						<identifier text="WebServiceConnector"/>
						<identifier text="XMLConnector"/>
						<identifier text="XUpdateResolver"/>
						<identifier text="addDeltaItem"/>
						<identifier text="addEventListener"/>
						<identifier text="addFieldInfo"/>
						<identifier text="addHeader"/>
						<identifier text="addItem"/>
						<identifier text="addItemAt"/>
						<identifier text="addSort"/>
						<identifier text="afterLoaded"/>
						<identifier text="applyUpdates"/>
						<identifier text="argList"/>
						<identifier text="beforeApplyUpdates"/>
						<identifier text="calcFields"/>
						<identifier text="changesPending"/>
						<identifier text="clear"/>
						<identifier text="component"/>
						<identifier text="concurrency"/>
						<identifier text="constant"/>
						<identifier text="createItem"/>
						<identifier text="curValue"/>
						<identifier text="currentItem"/>
						<identifier text="data"/>
						<identifier text="dataProvider"/>
						<identifier text="delta"/>
						<identifier text="deltaPacket"/>
						<identifier text="deltaPacketChanged"/>
						<identifier text="direction"/>
						<identifier text="disableEvents"/>
						<identifier text="doDecoding"/>
						<identifier text="doLazyDecoding"/>
						<identifier text="enableEvents"/>
						<identifier text="encoder"/>
						<identifier text="event"/>
						<identifier text="execute"/>
						<identifier text="fieldInfo"/>
						<identifier text="filterFunc"/>
						<identifier text="filtered"/>
						<identifier text="find"/>
						<identifier text="findFirst"/>
						<identifier text="findLast"/>
						<identifier text="first"/>
						<identifier text="formatter"/>
						<identifier text="getAnyTypedValue"/>
						<identifier text="getAsBoolean"/>
						<identifier text="getAsNumber"/>
						<identifier text="getAsString"/>
						<identifier text="getCall"/>
						<identifier text="getChangeList"/>
						<identifier text="getConfigInfo"/>
						<identifier text="getDeltaPacket"/>
						<identifier text="getField"/>
						<identifier text="getId"/>
						<identifier text="getItemByName"/>
						<identifier text="getItemId"/>
						<identifier text="getIterator"/>
						<identifier text="getLength"/>
						<identifier text="getMessage"/>
						<identifier text="getOperation"/>
						<identifier text="getOutputParameter"/>
						<identifier text="getOutputParameterByName"/>
						<identifier text="getOutputParameters"/>
						<identifier text="getOutputValue"/>
						<identifier text="getOutputValues"/>
						<identifier text="getSource"/>
						<identifier text="getTimestamp"/>
						<identifier text="getTransactionId"/>
						<identifier text="getTypedValue"/>
						<identifier text="hasNext"/>
						<identifier text="hasPrevious"/>
						<identifier text="hasSort"/>
						<identifier text="ignoreWhite"/>
						<identifier text="includeDeltaPacketInfo"/>
						<identifier text="initComponent"/>
						<identifier text="isEmpty"/>
						<identifier text="itemClassName"/>
						<identifier text="items"/>
						<identifier text="iteratorScrolled"/>
						<identifier text="kind"/>
						<identifier text="last"/>
						<identifier text="length"/>
						<identifier text="loadFromSharedObj"/>
						<identifier text="locateById"/>
						<identifier text="location"/>
						<identifier text="logChanges"/>
						<identifier text="message"/>
						<identifier text="modelChanged"/>
						<identifier text="multipleSimultaneousAllowed"/>
						<identifier text="mx.data.binding.Binding"/>
						<identifier text="mx.data.binding.ComponentMixins"/>
						<identifier text="mx.data.binding.DataAccessor"/>
						<identifier text="mx.data.binding.DataType"/>
						<identifier text="mx.data.binding.EndPoint"/>
						<identifier text="mx.data.binding.TypedValue"/>
						<identifier text="mx.data.components.DataHolder"/>
						<identifier text="mx.data.components.DataSet"/>
						<identifier text="mx.data.components.RDBMSResolver"/>
						<identifier text="mx.data.components.WebServiceConnector"/>
						<identifier text="mx.data.components.XMLConnector"/>
						<identifier text="mx.data.components.XUpdateResolver"/>
						<identifier text="mx.data.components.datasetclasses.Delta"/>
						<identifier text="mx.data.components.datasetclasses.DeltaItem"/>
						<identifier text="mx.data.components.datasetclasses.DeltaPacket"/>
						<identifier text="mx.services.Log"/>
						<identifier text="mx.services.PendingCall"/>
						<identifier text="mx.services.SOAPCall"/>
						<identifier text="mx.services.WebService"/>
						<identifier text="myCall"/>
						<identifier text="name"/>
						<identifier text="newItem"/>
						<identifier text="newValue"/>
						<identifier text="next"/>
						<identifier text="nullValue"/>
						<identifier text="oldValue"/>
						<identifier text="onFault"/>
						<identifier text="onLoad"/>
						<identifier text="onLog"/>
						<identifier text="onResult"/>
						<identifier text="operation"/>
						<identifier text="params"/>
						<identifier text="previous"/>
						<identifier text="properties"/>
						<identifier text="property"/>
						<identifier text="readOnly"/>
						<identifier text="reconcileResults"/>
						<identifier text="reconcileUpdates"/>
						<identifier text="refreshDestinations"/>
						<identifier text="refreshFromSources"/>
						<identifier text="removeAll"/>
						<identifier text="removeEventListener"/>
						<identifier text="removeItem"/>
						<identifier text="removeItemAt"/>
						<identifier text="removeRange"/>
						<identifier text="removeSort"/>
						<identifier text="request"/>
						<identifier text="resolveDelta"/>
						<identifier text="response"/>
						<identifier text="result"/>
						<identifier text="results"/>
						<identifier text="saveToSharedObj"/>
						<identifier text="schema"/>
						<identifier text="selectedIndex"/>
						<identifier text="send"/>
						<identifier text="setAnyTypedValue"/>
						<identifier text="setAsBoolean"/>
						<identifier text="setAsNumber"/>
						<identifier text="setAsString"/>
						<identifier text="setIterator"/>
						<identifier text="setRange"/>
						<identifier text="setTypedValue"/>
						<identifier text="skip"/>
						<identifier text="status"/>
						<identifier text="suppressInvalidCalls"/>
						<identifier text="tableName"/>
						<identifier text="trigger"/>
						<identifier text="typeName"/>
						<identifier text="updateMode"/>
						<identifier text="updatePacket"/>
						<identifier text="updateResults"/>
						<identifier text="useSort"/>
						<identifier text="validateProperty"/>
						<identifier text="value"/>
						<identifier text="xupdatePacket"/>
					</ifedition>
				</colorsyntax>
			</customactions>
