\ufeff<?xml version="1.0" encoding="utf-8"?>
		<customactions>
			<actionspanel>
				<folder name="Componentes" id="V2 Components" index="true" tiptext="Componentes do Flash V2" helpid="" version="6">
					<folder name="FLVPlayback" id="[mx.video.FLVPlayback]" index="true" tiptext="Use FLVPlayback para reproduzir arquivos FLV" helpid="x22819" version="8">
						<folder name="Propriedades estáticas" id="Static Properties" tiptext="Propriedades estáticas de FLVPlayback" version="8">
							<string name="ACTIONSCRIPT" tiptext="Use com findCuePoint() para pesquisar pontos de sinalização actionscript" helpid="x22822" text="mx.video.FLVPlayback.ACTIONSCRIPT" codehint="false" version="8"/>
							<string name="ALL" tiptext="Use com findCuePoint() para pesquisar todos os pontos de sinalização" helpid="x22823" text="mx.video.FLVPlayback.ALL" codehint="false" version="8"/>
							<string name="BUFFERING" tiptext="Valor da propriedade de estado de buffer" helpid="x2281B" text="mx.video.FLVPlayback.BUFFERING" codehint="false" version="8"/>
							<string name="CONNECTION_ERROR" tiptext="Valor da propriedade de estado de erro da conexão" helpid="x22827" text="mx.video.FLVPlayback.CONNECTION_ERROR" codehint="false" version="8"/>
							<string name="DISCONNECTED" tiptext="Valor da propriedade de estado desconectado" helpid="x22828" text="mx.video.FLVPlayback.DISCONNECTED" codehint="false" version="8"/>
							<string name="EVENT" tiptext="Use com findCuePoint() para pesquisar pontos de sinalização de eventos" helpid="x2283A" text="mx.video.FLVPlayback.EVENT" codehint="false" version="8"/>
							<string name="FLV" tiptext="Use com findCuePoint() para pesquisar todos os pontos de sinalização incorporados" helpid="x2283B" text="mx.video.FLVPlayback.FLV" codehint="false" version="8"/>
							<string name="LOADING" tiptext="Valor da propriedade de estado de carregamento" helpid="x218F9C" text="mx.video.FLVPlayback.LOADING" codehint="false" version="8"/>
							<string name="NAVIGATION" tiptext="Use com findCuePoint() para pesquisar pontos de sinalização de navegação" helpid="x2283D" text="mx.video.FLVPlayback.NAVIGATION" codehint="false" version="8"/>
							<string name="PAUSED" tiptext="Valor da propriedade de estado pausado" helpid="x2283E" text="mx.video.FLVPlayback.PAUSED" codehint="false" version="8"/>
							<string name="PLAYING" tiptext="Valor da propriedade de estado em reprodução" helpid="x2284B" text="mx.video.FLVPlayback.PLAYING" codehint="false" version="8"/>
							<string name="REWINDING" tiptext="Valor da propriedade de estado em retrocesso" helpid="x2284C" text="mx.video.FLVPlayback.REWINDING" codehint="false" version="8"/>
							<string name="SEEKING" tiptext="Valor da propriedade de estado em busca" helpid="x22897" text="mx.video.FLVPlayback.SEEKING" codehint="false" version="8"/>
							<string name="STOPPED" tiptext="Valor da propriedade de estado parado" helpid="x22898" text="mx.video.FLVPlayback.STOPPED" codehint="false" version="8"/>
						</folder>
						<folder name="Propriedades" id="Properties" tiptext="Propriedades de FLVPlayback" version="8">
							<string name="activeVideoPlayerIndex" tiptext="Gerenciar vários VideoPlayers em um único componente" helpid="x2283F" text=".activeVideoPlayerIndex" object="[mx.video.FLVPlayback]" version="8"/>
							<string name="autoPlay" tiptext="Se o vídeo será reproduzido automaticamente após o carregamento" helpid="x22840" text=".autoPlay" object="[mx.video.FLVPlayback]" version="8"/>
							<string name="autoRewind" tiptext="Se o vídeo será retrocedido após a parada" helpid="x22841" text=".autoRewind" object="[mx.video.FLVPlayback]" version="8"/>
							<string name="autoSize" tiptext="Se o componente será redimensionado para corresponder às dimensões FLV" helpid="x22842" text=".autoSize" object="[mx.video.FLVPlayback]" version="8"/>
							<string name="backButton" tiptext="Faz a junção do Componente de UI personalizado BackButton" helpid="x22843" text=".backButton" object="[mx.video.FLVPlayback]" version="8"/>
							<string name="bitrate" tiptext="Taxa de bits usada para alternar entre FLVs de diferentes tamanhos e qualidades" helpid="x22844" text=".bitrate" object="[mx.video.FLVPlayback]" version="8"/>
							<string name="buffering" tiptext="Somente leitura, se está ou não no estado de buffer" helpid="x22845" text=".buffering" object="[mx.video.FLVPlayback]" version="8"/>
							<string name="bufferingBar" tiptext="Faz a junção do Componente de UI personalizado BufferingBar" helpid="x22887" text=".bufferingBar" object="[mx.video.FLVPlayback]" version="8"/>
							<string name="bufferingBarHidesAndDisablesOthers" tiptext="Altera como o estado de buffer afeta os controles de cobertura" helpid="x22888" text=".bufferingBarHidesAndDisablesOthers" object="[mx.video.FLVPlayback]" version="8"/>
							<string name="bufferTime" tiptext="Tempo em segundos do FLV em buffer na memória antes da reprodução" helpid="x22846" text=".bufferTime" object="[mx.video.FLVPlayback]" version="8"/>
							<string name="bytesLoaded" tiptext="Número de bytes do FLV baixado no download progressivo" helpid="x22847" text=".bytesLoaded" object="[mx.video.FLVPlayback]" version="8"/>
							<string name="bytesTotal" tiptext="Tamanho em bytes do FLV completo que está sendo baixado no download progressivo" helpid="x22848" text=".bytesTotal" object="[mx.video.FLVPlayback]" version="8"/>
							<string name="contentPath" tiptext="Caminho para o arquivo FLV ou SMIL" helpid="x22849" text=".contentPath" object="[mx.video.FLVPlayback]" version="8"/>
							<string name="forwardButton" tiptext="Faz a junção do Componente de UI personalizado ForwardButton" helpid="x2284D" text=".forwardButton" object="[mx.video.FLVPlayback]" version="8"/>
							<string name="height" tiptext="Altura" helpid="x2284E" text=".height" object="[mx.video.FLVPlayback]" version="8"/>
							<string name="idleTimeout" tiptext="Tempo em segundos antes de a conexão com o servidor ser encerrada no modo parado ou pausado" helpid="x2284F" text=".idleTimeout" object="[mx.video.FLVPlayback]" version="8"/>
							<string name="isLive" tiptext="Para reprodução FCS, se o fluxo é ou não ao vivo" helpid="x22851" text=".isLive" object="[mx.video.FLVPlayback]" version="8"/>
							<string name="isRTMP" tiptext="Somente leitura, se a reprodução é FCS (rtmp) ou progressiva (http)" helpid="x22850" text=".isRTMP" object="[mx.video.FLVPlayback]" version="8"/>
							<string name="maintainAspectRatio" tiptext="Se o tamanho do componente deve ser reduzido para manter a proporção do FLV" helpid="x22852" text=".maintainAspectRatio" object="[mx.video.FLVPlayback]" version="8"/>
							<string name="metadata" tiptext="Somente leitura, objeto com metadados do FLV" helpid="x22853" text=".metadata" object="[mx.video.FLVPlayback]" version="8"/>
							<string name="metadataLoaded" tiptext="Somente leitura, se os metadados foram ou não carregados" helpid="x22854" text=".metadataLoaded" object="[mx.video.FLVPlayback]" version="8"/>
							<string name="muteButton" tiptext="Faz a junção do Componente de UI personalizado MuteButton" helpid="x22870" text=".muteButton" object="[mx.video.FLVPlayback]" version="8"/>
							<string name="ncMgr" tiptext="Somente leitura, ocorrência de INCManager" helpid="x22855" text=".ncMgr" object="[mx.video.FLVPlayback]" version="8"/>
							<string name="pauseButton" tiptext="Faz a junção do Componente de UI personalizado PauseButton" helpid="x22856" text=".pauseButton" object="[mx.video.FLVPlayback]" version="8"/>
							<string name="paused" tiptext="Somente leitura, se está ou não no estado pausado" helpid="x22857" text=".paused" object="[mx.video.FLVPlayback]" version="8"/>
							<string name="playButton" tiptext="Faz a junção do Componente de UI personalizado PlayButton" helpid="x22858" text=".playButton" object="[mx.video.FLVPlayback]" version="8"/>
							<string name="playheadPercentage" tiptext="Tempo atual do indicador de reprodução como porcentagem do tempo total" helpid="x22889" text=".playheadPercentage" object="[mx.video.FLVPlayback]" version="8"/>
							<string name="playheadTime" tiptext="Tempo atual do indicador de reprodução em segundos" helpid="x22859" text=".playheadTime" object="[mx.video.FLVPlayback]" version="8"/>
							<string name="playheadUpdateInterval" tiptext="Freqüência coma qual o evento playheadUpdate é despachado em milésimos de segundo" helpid="x2285A" text=".playheadUpdateInterval" object="[mx.video.FLVPlayback]" version="8"/>
							<string name="playing" tiptext="Somente leitura, se está ou não no estado em reprodução" helpid="x2285B" text=".playing" object="[mx.video.FLVPlayback]" version="8"/>
							<string name="playPauseButton" tiptext="Faz a junção do Componente de UI personalizado PlayPauseButton" helpid="x2285C" text=".playPauseButton" object="[mx.video.FLVPlayback]" version="8"/>
							<string name="preferredHeight" tiptext="Altura de origem do FLV" helpid="x2285D" text=".preferredHeight" object="[mx.video.FLVPlayback]" version="8"/>
							<string name="preferredWidth" tiptext="Largura de origem do FLV" helpid="x2285E" text=".preferredWidth" object="[mx.video.FLVPlayback]" version="8"/>
							<string name="progressInterval" tiptext="Freqüência coma qual o evento de progresso é despachado em milésimos de segundo" helpid="x2285F" text=".progressInterval" object="[mx.video.FLVPlayback]" version="8"/>
							<string name="scaleX" tiptext="Especifica o fator de dimensionamento horizontal" helpid="x22860" text=".scaleX" object="[mx.video.FLVPlayback]" version="8"/>
							<string name="scaleY" tiptext="Especifica o fator de dimensionamento vertical" helpid="x22861" text=".scaleY" object="[mx.video.FLVPlayback]" version="8"/>
							<string name="scrubbing" tiptext="Somente leitura, se o usuário está arrastando atualmente a alça da barra de busca" helpid="x2288A" text=".scrubbing" object="[mx.video.FLVPlayback]" version="8"/>
							<string name="seekBar" tiptext="Faz a junção do Componente de UI personalizado SeekBar" helpid="x22862" text=".seekBar" object="[mx.video.FLVPlayback]" version="8"/>
							<string name="seekBarInterval" tiptext="Freqüência com a qual a localização da alça da barra de busca é verificada, em milésimos de segundo" helpid="x22863" text=".seekBarInterval" object="[mx.video.FLVPlayback]" version="8"/>
							<string name="seekBarScrubTolerance" tiptext="Distância mínima em porcentagem pela qual o usuário deve arrastar a barra de busca antes de uma busca ocorrer" helpid="x22864" text=".seekBarScrubTolerance" object="[mx.video.FLVPlayback]" version="8"/>
							<string name="seekToPrevOffset" tiptext="Indica como seekToPrevNavCuePoint deve ignorar os pontos de sinalização" helpid="x22865" text=".seekToPrevOffset" object="[mx.video.FLVPlayback]" version="8"/>
							<string name="skin" tiptext="Caminho para o swf de cobertura" helpid="x22866" text=".skin" object="[mx.video.FLVPlayback]" version="8"/>
							<string name="skinAutoHide" tiptext="Se a cobertura deve ou não ser oculta" helpid="x2288B" text=".skinAutoHide" object="[mx.video.FLVPlayback]" version="8"/>
							<string name="state" tiptext="Somente leitura, estado da reprodução" helpid="x22867" text=".state" object="[mx.video.FLVPlayback]" version="8"/>
							<string name="stateResponsive" tiptext="Somente leitura, se o estado atual é receptivo" helpid="x22868" text=".stateResponsive" object="[mx.video.FLVPlayback]" version="8"/>
							<string name="stopButton" tiptext="Faz a junção do Componente de UI personalizado StopButton" helpid="x22869" text=".stopButton" object="[mx.video.FLVPlayback]" version="8"/>
							<string name="stopped" tiptext="Somente leitura, se está ou não no estado parado" helpid="x2286A" text=".stopped" object="[mx.video.FLVPlayback]" version="8"/>
							<string name="totalTime" tiptext="Duração do FLV" helpid="x2286B" text=".totalTime" object="[mx.video.FLVPlayback]" version="8"/>
							<string name="transform" tiptext="Objeto de transformação de som" helpid="x2286C" text=".transform" object="[mx.video.FLVPlayback]" version="8"/>
							<string name="visible" tiptext="Alterna a visibilidade" helpid="x2286D" text=".visible" object="[mx.video.FLVPlayback]" version="8"/>
							<string name="visibleVideoPlayerIndex" tiptext="Gerenciar vários VideoPlayers em um único componente" helpid="x2286E" text=".visibleVideoPlayerIndex" object="[mx.video.FLVPlayback]" version="8"/>
							<string name="volume" tiptext="Faixas de volume de 0 a 100" helpid="x2286F" text=".volume" object="[mx.video.FLVPlayback]" version="8"/>
							<string name="volumeBar" tiptext="Faz a junção do Componente de UI personalizado VolumeBar" helpid="x2288C" text=".volumeBar" object="[mx.video.FLVPlayback]" version="8"/>
							<string name="volumeBarInterval" tiptext="Freqüência com a qual a localização da alça da barra de volume é verificada, em milésimos de segundo" helpid="x2288D" text=".volumeBarInterval" object="[mx.video.FLVPlayback]" version="8"/>
							<string name="volumeBarScrubTolerance" tiptext="Distância mínima em porcentagem pela qual o usuário deve arrastar a barra de volume antes de uma busca ocorrer" helpid="x2288E" text=".volumeBarScrubTolerance" object="[mx.video.FLVPlayback]" version="8"/>
							<string name="width" tiptext="Largura" helpid="x22871" text=".width" object="[mx.video.FLVPlayback]" version="8"/>
							<string name="x" tiptext="Localização X" helpid="x22872" text=".x" object="[mx.video.FLVPlayback]" version="8"/>
							<string name="y" tiptext="Localização Y" helpid="x22873" text=".y" object="[mx.video.FLVPlayback]" version="8"/>
						</folder>
						<folder name="Métodos" id="Methods" tiptext="Métodos de FLVPlayback" version="8">
							<string name="addASCuePoint" tiptext="Adicionar um ponto de sinalização dinâmico" helpid="x2281C" text=".addASCuePoint(%tempoOuPontoSinalização:Object [, nome:String, parâmetros:Object]%)" object="[mx.video.FLVPlayback]" version="8"/>
							<string name="addEventListener" tiptext="Adiciona um ouvinte para um evento" helpid="x2281D" text=".addEventListener(% %)" object="[mx.video.FLVPlayback]" version="8"/>
							<string name="bringVideoPlayerToFront" tiptext="Gerenciar vários VideoPlayers em um único componente" helpid="x2281E" text=".bringVideoPlayerToFront(%índice:Number%)" object="[mx.video.FLVPlayback]" version="8"/>
							<string name="closeVideoPlayer" tiptext="Gerenciar vários VideoPlayers em um único componente" helpid="x2281F" text=".closeVideoPlayer(%índice:Number%)" object="[mx.video.FLVPlayback]" version="8"/>
							<string name="findCuePoint" tiptext="Localizar um ponto de sinalização que corresponda precisamente aos critérios" helpid="x22821" text=".findCuePoint(%nomeTempoouPontoSinalização:Object [, tipo:String]%)" object="[mx.video.FLVPlayback]" version="8"/>
							<string name="findNearestCuePoint" tiptext="Localizar o ponto de sinalização mais próximo que corresponda aos critérios" helpid="x22825" text=".findNearestCuePoint(%nomeTempoouPontoSinalização:Object [, tipo:String]%)" object="[mx.video.FLVPlayback]" version="8"/>
							<string name="findNextCuePointWithName" tiptext="Localizar o próximo ponto de sinalização depois deste com o mesmo nome" helpid="x22826" text=".findNextCuePointWithName(%pontoSinalização:Object%)" object="[mx.video.FLVPlayback]" version="8"/>
							<string name="getVideoPlayer" tiptext="Gerenciar vários VideoPlayers em um único componente" helpid="x22829" text=".getVideoPlayer(%índice:Number%)" object="[mx.video.FLVPlayback]" version="8"/>
							<string name="isFLVCuePointEnabled" tiptext="Determinar se o ponto de sinalização FLV incorporado está ativado" helpid="x2282A" text=".isFLVCuePointEnabled(%nomeTempoouPontoSinalização:Object%)" object="[mx.video.FLVPlayback]" version="8"/>
							<string name="load" tiptext="Carregar FLV sem reproduzir" helpid="x2282B" text=".load(%caminhoConteúdo:String [,tempoTotal:Number, éAtivo:Boolean]%)" object="[mx.video.FLVPlayback]" version="8"/>
							<string name="pause" tiptext="Pausar o FLV atual" helpid="x2282C" text=".pause()" object="[mx.video.FLVPlayback]" version="8"/>
							<string name="play" tiptext="Reproduzir FLV atual ou um novo" helpid="x2282D" text=".play(%[caminhoConteúdo:String, tempoTotal:Number, éAtivo:Boolean]%)" object="[mx.video.FLVPlayback]" version="8"/>
							<string name="removeASCuePoint" tiptext="Remover um ponto de sinalização dinâmico" helpid="x2282E" text=".removeASCuePoint(%nomeTempoouPontoSinalização:Object%)" object="[mx.video.FLVPlayback]" version="8"/>
							<string name="removeEventListener" tiptext="Remove um ouvinte para um evento" helpid="x2282F" text=".removeEventListener(%nomeEvento:String, manipuladorEvento:Object%)" object="[mx.video.FLVPlayback]" version="8"/>
							<string name="seek" tiptext="Buscar até um tempo em segundos no FLV atual" helpid="x22830" text=".seek(%hora:Number%)" object="[mx.video.FLVPlayback]" version="8"/>
							<string name="seekPercent" tiptext="Buscar até um tempo em porcentagem do tempo total no FLV atual" helpid="x22831" text=".seekPercent(%porcentagem:Number%)" object="[mx.video.FLVPlayback]" version="8"/>
							<string name="seekSeconds" tiptext="Buscar até um tempo em segundos no FLV atual" helpid="x22832" text=".seekSeconds(%hora:Number%)" object="[mx.video.FLVPlayback]" version="8"/>
							<string name="seekToNavCuePoint" tiptext="Buscar até um ponto de sinalização de navegação" helpid="x22833" text=".seekToNavCuePoint(%nomeTempoouPontoSinalização:Object%)" object="[mx.video.FLVPlayback]" version="8"/>
							<string name="seekToNextNavCuePoint" tiptext="Buscar até o próximo ponto de sinalização de navegação a partir do tempo do indicador de reprodução atual" helpid="x22834" text=".seekToNextNavCuePoint(%nomeTempoouPontoSinalização:Object%)" object="[mx.video.FLVPlayback]" version="8"/>
							<string name="seekToPrevNavCuePoint" tiptext="Buscar até o ponto de sinalização de navegação anterior a partir do tempo do indicador de reprodução atual" helpid="x22835" text=".seekToPrevNavCuePoint(%nomeTempoouPontoSinalização:Object%)" object="[mx.video.FLVPlayback]" version="8"/>
							<string name="setFLVCuePointEnabled" tiptext="Definir o ponto de sinalização FLV incorporado como ativado ou desativado" helpid="x22836" text=".setFLVCuePointEnabled(%ativado:Boolean, nomeTempoouPontoSinalização:Object%)" object="[mx.video.FLVPlayback]" version="8"/>
							<string name="setScale" tiptext="Definir o fator de dimensionamento horizontal e vertical" helpid="x22837" text=".setScale(%xescala:Number, yescala:Number%)" object="[mx.video.FLVPlayback]" version="8"/>
							<string name="setSize" tiptext="Definir a altura e a largura" helpid="x22838" text=".setSize(%largura:Number, altura:Number%)" object="[mx.video.FLVPlayback]" version="8"/>
							<string name="stop" tiptext="Parar o FLV atual" helpid="x22839" text=".stop()" object="[mx.video.FLVPlayback]" version="8"/>
						</folder>
						<folder name="Eventos" id="Events" tiptext="Eventos de FLVPlayback" version="8">
							<string name="buffering" tiptext="evento buffering" helpid="x22876" text=".addEventListener(&quot;buffering&quot;,%ouvinte%);" codehint="false" object="[mx.video.FLVPlayback]" version="8"/>
							<string name="close" tiptext="evento close" helpid="x22877" text=".addEventListener(&quot;close&quot;,%ouvinte%);" codehint="false" object="[mx.video.FLVPlayback]" version="8"/>
							<string name="complete" tiptext="evento complete" helpid="x22878" text=".addEventListener(&quot;complete&quot;,%ouvinte%);" codehint="false" object="[mx.video.FLVPlayback]" version="8"/>
							<string name="cuePoint" tiptext="evento cuePoint" helpid="x22879" text=".addEventListener(&quot;cuePoint&quot;,%ouvinte%);" codehint="false" object="[mx.video.FLVPlayback]" version="8"/>
							<string name="fastForward" tiptext="evento fastForward" helpid="x2287A" text=".addEventListener(&quot;fastForward&quot;,%ouvinte%);" codehint="false" object="[mx.video.FLVPlayback]" version="8"/>
							<string name="metadataReceived" tiptext="evento metadataReceived" helpid="x2287B" text=".addEventListener(&quot;metadataReceived&quot;,%ouvinte%);" codehint="false" object="[mx.video.FLVPlayback]" version="8"/>
							<string name="paused" tiptext="evento paused" helpid="x2287C" text=".addEventListener(&quot;paused&quot;,%ouvinte%);" codehint="false" object="[mx.video.FLVPlayback]" version="8"/>
							<string name="playheadUpdate" tiptext="evento playheadUpdate" helpid="x2287D" text=".addEventListener(&quot;playheadUpdate&quot;,%ouvinte%);" codehint="false" object="[mx.video.FLVPlayback]" version="8"/>
							<string name="playing" tiptext="evento playing" helpid="x2287E" text=".addEventListener(&quot;playing&quot;,%ouvinte%);" codehint="false" object="[mx.video.FLVPlayback]" version="8"/>
							<string name="progress" tiptext="evento progress" helpid="x2287F" text=".addEventListener(&quot;progress&quot;,%ouvinte%);" codehint="false" object="[mx.video.FLVPlayback]" version="8"/>
							<string name="ready" tiptext="evento ready" helpid="x22880" text=".addEventListener(&quot;ready&quot;,%ouvinte%);" codehint="false" object="[mx.video.FLVPlayback]" version="8"/>
							<string name="resize" tiptext="evento resize" helpid="x22881" text=".addEventListener(&quot;resize&quot;,%ouvinte%);" codehint="false" object="[mx.video.FLVPlayback]" version="8"/>
							<string name="rewind" tiptext="evento rewind" helpid="x22882" text=".addEventListener(&quot;rewind&quot;,%ouvinte%);" codehint="false" object="[mx.video.FLVPlayback]" version="8"/>
							<string name="scrubFinish" tiptext="evento scrubFinish" helpid="x2288F" text=".addEventListener(&quot;scrubFinish&quot;,%ouvinte%);" codehint="false" object="[mx.video.FLVPlayback]" version="8"/>
							<string name="scrubStart" tiptext="evento scrubStart" helpid="x2289D" text=".addEventListener(&quot;scrubStart&quot;,%ouvinte%);" codehint="false" object="[mx.video.FLVPlayback]" version="8"/>
							<string name="seek" tiptext="evento seek" helpid="x22883" text=".addEventListener(&quot;seek&quot;,%ouvinte%);" codehint="false" object="[mx.video.FLVPlayback]" version="8"/>
							<string name="skinError" tiptext="evento skinError" helpid="x2289E" text=".addEventListener(&quot;skinError&quot;,%ouvinte%);" codehint="false" object="[mx.video.FLVPlayback]" version="8"/>
							<string name="skinLoaded" tiptext="evento skinLoaded" helpid="x2289F" text=".addEventListener(&quot;skinLoaded&quot;,%ouvinte%);" codehint="false" object="[mx.video.FLVPlayback]" version="8"/>
							<string name="stateChange" tiptext="evento stateChange" helpid="x22884" text=".addEventListener(&quot;stateChange&quot;,%ouvinte%);" codehint="false" object="[mx.video.FLVPlayback]" version="8"/>
							<string name="stopped" tiptext="evento stopped" helpid="x22885" text=".addEventListener(&quot;stopped&quot;,%ouvinte%);" codehint="false" object="[mx.video.FLVPlayback]" version="8"/>
							<string name="volumeUpdate" tiptext="evento volumeUpdate" helpid="x22886" text=".addEventListener(&quot;volumeUpdate&quot;,%ouvinte%);" codehint="false" object="[mx.video.FLVPlayback]" version="8"/>
						</folder>
					</folder>
				</folder>
				<folder name="Tipos" id="Types" index="true" tiptext="Tipos de componentes de reprodução FLV que podem ser usados para digitação intensa" helpid="" version="8">
					<string name="FLVPlayback" tiptext="Tipo FLVPlayback" helpid="x2281A" text="FLVPlayback" object="mx.video.FLVPlayback" version="8"/>
				</folder>
	</actionspanel>
	<codehints>
				<package name="mx.video" children="FLVPlayback"/>
	</codehints>
				<colorsyntax>
					<identifier text="FLVPlayback"/>
					<identifier text="VideoError"/>
					<identifier text="VideoPlayer"/>
					<identifier text="mx.video.FLVPlayback"/>
					<identifier text="mx.video.VideoError"/>
					<identifier text="mx.video.VideoPlayer"/>
					<identifier text="ACTIONSCRIPT"/>
					<identifier text="ALL"/>
					<identifier text="BUFFERING"/>
					<identifier text="CONNECTION_ERROR"/>
					<identifier text="DISCONNECTED"/>
					<identifier text="EVENT"/>
					<identifier text="FLV"/>
					<identifier text="LOADING"/>
					<identifier text="NAVIGATION"/>
					<identifier text="PAUSED"/>
					<identifier text="PLAYING"/>
					<identifier text="REWINDING"/>
					<identifier text="SEEKING"/>
					<identifier text="STOPPED"/>
					<identifier text="activeVideoPlayerIndex"/>
					<identifier text="autoPlay"/>
					<identifier text="autoRewind"/>
					<identifier text="autoSize"/>
					<identifier text="backButton"/>
					<identifier text="bitrate"/>
					<identifier text="buffering"/>
					<identifier text="bufferingBar"/>
					<identifier text="bufferingBarHidesAndDisablesOthers"/>
					<identifier text="bufferTime"/>
					<identifier text="bytesLoaded"/>
					<identifier text="bytesTotal"/>
					<identifier text="contentPath"/>
					<identifier text="forwardButton"/>
					<identifier text="height"/>
					<identifier text="idleTimeout"/>
					<identifier text="isLive"/>
					<identifier text="isRTMP"/>
					<identifier text="maintainAspectRatio"/>
					<identifier text="metadata"/>
					<identifier text="metadataLoaded"/>
					<identifier text="muteButton"/>
					<identifier text="ncMgr"/>
					<identifier text="pauseButton"/>
					<identifier text="paused"/>
					<identifier text="playButton"/>
					<identifier text="playheadPercentage"/>
					<identifier text="playheadTime"/>
					<identifier text="playheadUpdateInterval"/>
					<identifier text="playing"/>
					<identifier text="playPauseButton"/>
					<identifier text="preferredHeight"/>
					<identifier text="preferredWidth"/>
					<identifier text="progressInterval"/>
					<identifier text="scaleX"/>
					<identifier text="scaleY"/>
					<identifier text="scrubbing"/>
					<identifier text="seekBar"/>
					<identifier text="seekBarInterval"/>
					<identifier text="seekBarScrubTolerance"/>
					<identifier text="seekToPrevOffset"/>
					<identifier text="skin"/>
					<identifier text="skinAutoHide"/>
					<identifier text="state"/>
					<identifier text="stateResponsive"/>
					<identifier text="stopButton"/>
					<identifier text="stopped"/>
					<identifier text="totalTime"/>
					<identifier text="transform"/>
					<identifier text="visible"/>
					<identifier text="visibleVideoPlayerIndex"/>
					<identifier text="volume"/>
					<identifier text="volumeBar"/>
					<identifier text="volumeBarInterval"/>
					<identifier text="volumeBarScrubTolerance"/>
					<identifier text="width"/>
					<identifier text="x"/>
					<identifier text="y"/>
					<identifier text="addASCuePoint"/>
					<identifier text="addEventListener"/>
					<identifier text="bringVideoPlayerToFront"/>
					<identifier text="closeVideoPlayer"/>
					<identifier text="findCuePoint"/>
					<identifier text="findNearestCuePoint"/>
					<identifier text="findNextCuePointWithName"/>
					<identifier text="getVideoPlayer"/>
					<identifier text="isFLVCuePointEnabled"/>
					<identifier text="load"/>
					<identifier text="pause"/>
					<identifier text="play"/>
					<identifier text="removeASCuePoint"/>
					<identifier text="removeEventListener"/>
					<identifier text="seek"/>
					<identifier text="seekPercent"/>
					<identifier text="seekSeconds"/>
					<identifier text="seekToNavCuePoint"/>
					<identifier text="seekToNextNavCuePoint"/>
					<identifier text="seekToPrevNavCuePoint"/>
					<identifier text="setFLVCuePointEnabled"/>
					<identifier text="setScale"/>
					<identifier text="setSize"/>
					<identifier text="stop"/>
				</colorsyntax>
			</customactions>
