﻿<?xml version="1.0"?>

<!-- **************************************************************************** -->
<!-- Copyright 2003 Macromedia, Inc. All Rights Reserved.                         -->
<!-- The following is Sample Code and is subject to all restrictions on           -->
<!-- such code as contained in the End User License Agreement accompanying        -->
<!-- this product.                                                                -->
<!-- **************************************************************************** -->

<flash_behavior version="1.0">
	<behavior_definition dialogID="AssociateControllerDialog" defaultEvent="load" events="load" category="Mídia" authoringEdition="pro" name="Associar controlador">
		<properties>
			<property id="target" default="_parent"/> 
		</properties>
		<dialog id="AssociateControllerDialog" title="Associar controlador" buttons="accept, cancel">
			<vbox>
				<label value="Selecione a ocorrência de componente do controlador:" control="target"/> 
				<targetlist id="target" class="mx.controls.MediaController" required="true" requiredname="destino"/>
			</vbox> 
		</dialog>
		<actionscript>
			<![CDATA[
	// AssociateController Behavior
	this.associateController($target$);
	// End AssociateController Behavior
			]]>
		</actionscript>
	</behavior_definition>
</flash_behavior>
