﻿<?xml version="1.0"?>

<!-- **************************************************************************** -->
<!-- Copyright 2003 Macromedia, Inc. All Rights Reserved.                         -->
<!-- The following is Sample Code and is subject to all restrictions on           -->
<!-- such code as contained in the End User License Agreement accompanying        -->
<!-- this product.                                                                -->
<!-- **************************************************************************** -->

<flash_behavior version="1.0">
	<behavior_definition dialogID="Goto_and_Stop-dialog" category="Clipe de filme" name="Ir para e parar no quadro ou rótulo">
		<properties>
			<property id="target" default="this"/> 
			<property id="frame" default="1"/>
		</properties>
	
		<!--The dialog window is tied to the controls below by its id-->
		<!--This controls generate the dialog using the XML to UI functionality-->
		
		<dialog id="Goto_and_Stop-dialog" title="Ir para e parar no quadro ou rótulo" buttons="accept, cancel">
			<vbox>
				<label value="Escolha o clipe de filme que deseja parar de reproduzir:               "/> 
			</vbox>
			<grid>
				<rows>
					<row align="center">
						<targetlist id="target" tabindex="1" class="movieclip"/> 
					</row>
				</rows>
				<label value=""/>
				<label value="Insira número ou rótulo do quadro onde o clipe de filme"/> 
				<label value="deve parar:"/>
				<rows>
					<row align="center">
						<textbox literal="true" id="frame" tabindex="2" required="true" requiredname="quadro"/> 
					</row>
				</rows>
			</grid> 
		</dialog>
		<actionscript>
<![CDATA[
	//Movieclip GotoAndStop Behavior
	$target$.gotoAndStop($frame$);
	//End Behavior
]]>
		</actionscript>
	</behavior_definition>
</flash_behavior>