﻿<?xml version="1.0"?>

<!-- **************************************************************************** -->
<!-- Copyright 2003 Macromedia, Inc. All Rights Reserved.                         -->
<!-- The following is Sample Code and is subject to all restrictions on           -->
<!-- such code as contained in the End User License Agreement accompanying        -->
<!-- this product.                                                                -->
<!-- **************************************************************************** -->

<flash_behavior version="1.0">
	<behavior_definition dialogID="Goto_and_Play-dialog" category="Clipe de filme" name="Ir para e reproduzir no quadro ou rótulo">
		<properties>
			<property id="target" default="this"/> 
			<property id="frame" default="1"/>
		</properties>
	
		<!--The dialog window is tied to the controls below by its id-->
		<!--This controls generate the dialog using the XML to UI functionality-->
		
		<dialog id="Goto_and_Play-dialog" title="Ir para e reproduzir no quadro ou rótulo" buttons="accept, cancel">
		  <grid>
		    <columns>
			  <column>
				<rows>
				  <row align="center">
				    <vbox>
					  <label value="Escolha o clipe de filme que deseja começar a reproduzir:               "/> 			
					  <targetlist id="target" tabindex="1" class="movieclip"/>
					</vbox>
				  </row>
				</rows>
			 	<rows>
				  <row align="center">
				    <vbox>
						<label value=""/> 
						<label width="330" value="Insira o número de quadro ou o rótulo de quadro no qual o clipe de filme deve começar a ser reproduzido. Para começar do início, digite '1':"/>
					</vbox>
				  </row>
				</rows>
			 	<rows>
				  <row align="center">
				    <vbox>
						<textbox width="40" literal="true" id="frame" tabindex="2" required="true" requiredname="quadro"/> 
					</vbox>
				  </row>
				</rows>
			  </column>
		    </columns>	
		  </grid>
		</dialog>
		<actionscript>
<![CDATA[
	//Movieclip GotoAndPlay Behavior
	$target$.gotoAndPlay($frame$);
	//End Behavior
]]>
		</actionscript>
	</behavior_definition>
</flash_behavior>