﻿<?xml version="1.0"?>

<!-- **************************************************************************** -->
<!-- Copyright 2003 Macromedia, Inc. All Rights Reserved.                         -->
<!-- The following is Sample Code and is subject to all restrictions on           -->
<!-- such code as contained in the End User License Agreement accompanying        -->
<!-- this product.                                                                -->
<!-- **************************************************************************** -->

<flash_behavior version="1.0">

<!--Below is where and how we define the behavior and its parameters-->

<behavior_definition dialogID="Start Dragging Movieclip-dialog" category="Clipe de filme" name="Iniciar arrasto de clipe de filme" class="movieclip, button">
	<properties>
		<property id="target" default="this"/> 
	</properties>

<!--The dialog window is tied to the controls below by its id-->
<!--This controls generate the dialog using the XML to UI functionality-->

		<dialog id="Start Dragging Movieclip-dialog" title="Começar a arrastar clipe de filme" buttons="accept, cancel">
			<grid>
			  <columns>
			    <column>				 
				  <rows>
					<row align="center">
				      <vbox>
						<label value="Selecione o clipe de filme para começar a arrastar:"/> 
						<targetlist id="target" class="movieclip"/>                  
					  </vbox>
					</row>
				  </rows>
			    </column>				 
			  </columns>
			</grid>		
		</dialog>

<!-- Inside the CDATA section is where you place the Actionscript to be displayed in the AS panel-->

<actionscript>
<![CDATA[
	//Start Dragging Movieclip Behavior
	startDrag($target$);
	//End Behavior
]]>
</actionscript>
</behavior_definition>

</flash_behavior>