﻿<?xml version="1.0"?>

<!-- **************************************************************************** -->
<!-- Copyright 2003 Macromedia, Inc. All Rights Reserved.                         -->
<!-- The following is Sample Code and is subject to all restrictions on           -->
<!-- such code as contained in the End User License Agreement accompanying        -->
<!-- this product.                                                                -->
<!-- **************************************************************************** -->

<flash_behavior version="1.0">

<!--Below is where and how we define the behavior and its parameters-->

	<behavior_definition dialogID="Load External Movieclip-dialog" category="Clipe de filme" name="Carregar clipe de filme externo" class="movieclip, frame, button">
		<properties>
			<property id="clip" default=""/> 
			<property id="target" default="this"/>
		</properties>

<!--The dialog window is tied to the controls below by its id-->
<!--This controls generate the dialog using the XML to UI functionality-->

		<dialog id="Load External Movieclip-dialog" title="Carregar clipe de filme externo" buttons="accept, cancel">
			<grid>
			  <columns>
			    <column>				 
				  <rows>
					<row align="center">
				      <vbox>
						<label value="Digite a URL do arquivo .swf que você deseja carregar:"/> 
						<textbox literal="true" id="clip" required="true" size="45" requiredname="clipe"/>
					  </vbox>
					</row>
				  </rows>
				  <rows>
					<row align="center">
				      <vbox>
						<label value=""/> 
						<label value=""/>
					  </vbox>
					</row>
				  </rows>
				  <rows>
					<row align="center">
				      <vbox>
						<label value="Selecione o clipe de filme ou insira o nível no qual você deseja que o .swf seja carregado:"/> 
						<targetlist id="target" class="movieclip"/>
					  </vbox>
					</row>
				  </rows>
			    </column>				 
			  </columns>
			</grid>
	     </dialog>

<!-- Inside the CDATA section is where you place the Actionscript to be displayed in the AS panel-->

<actionscript>
<![CDATA[
	//load Movie Behavior
	if($target$ == Number($target$)){
		loadMovieNum($clip$,$target$);
	} else {
		$target$.loadMovie($clip$);
	}
	//End Behavior
]]>
</actionscript>
</behavior_definition>

</flash_behavior>