﻿<?xml version="1.0"?>

<!-- **************************************************************************** -->
<!-- Copyright 2003 Macromedia, Inc. All Rights Reserved.                         -->
<!-- The following is Sample Code and is subject to all restrictions on           -->
<!-- such code as contained in the End User License Agreement accompanying        -->
<!-- this product.                                                                -->
<!-- **************************************************************************** -->

<flash_behavior version="1.0">

<!--Below is where and how we define the behavior and its parameters-->

	<behavior_definition dialogID="Play_Library_Sound-dialog" category="Som" name="Carregar som da biblioteca">
	<!--class="movieclip, frame, button"-->
		<properties>
			<property id="sound_name"/> 
			<property id="sound_identifier"/>
			<property id="play_onload" default="true"/> 
		</properties>
	
		<!--The dialog window is tied to the controls below by its id-->
		<!--This controls generate the dialog using the XML to UI functionality-->
		
		<dialog id="Play_Library_Sound-dialog" title="Carregar som da biblioteca" buttons="accept, cancel">
			<grid>
			  <columns>
			    <column>				 
				  <rows>
					<row align="center">
				      <vbox>
					    <label value="Digite o ID de ligação do som na biblioteca a ser reproduzido:"/> 
					    <textbox literal="true" id="sound_name" tabindex="1" required="true" requiredname="nome do som"/>
					  </vbox>
					</row>
				  </rows>
				  <rows>
					<row align="center">
				      <vbox>
					    <label value=""/> 
					    <label value="Digite um nome para esta ocorrência de som para referência futura:"/>
						<textbox id="sound_identifier" tabindex="2" required="true" requiredname="identificador do som"/> 
					  </vbox>
					</row>
				  </rows>
				  <rows>
					<row align="center">
				      <vbox>
					    <label value=""/> 
						<checkbox id="play_onload" label="Reproduzir este som quando carregado" tabindex="2"/>
					  </vbox>
					</row>
				  </rows>
			    </column>				 
			  </columns>
			</grid>
		</dialog>
		<actionscript>
		
		<!-- Inside the CDATA section is where you place the Actionscript to be displayed in the AS panel-->
		
<![CDATA[
	//Play Internal Sound Behavior
	if(_global.Behaviors == null)_global.Behaviors = {};
	if(_global.Behaviors.Sound == null)_global.Behaviors.Sound = {};
	if(typeof this.createEmptyMovieClip == 'undefined'){
		this._parent.createEmptyMovieClip('BS_$sound_identifier$',new Date().getTime()-(Math.floor((new Date().getTime()) /10000)*10000) );
		_global.Behaviors.Sound.$sound_identifier$ = new Sound(this._parent.BS_$sound_identifier$);
	} else {
		this.createEmptyMovieClip('_$sound_identifier$_',new Date().getTime()-(Math.floor((new Date().getTime()) /10000)*10000) );
		_global.Behaviors.Sound.$sound_identifier$ = new Sound(this.BS_$sound_identifier$);
	}
	_global.Behaviors.Sound.$sound_identifier$.attachSound($sound_name$);
	if ($play_onload$) {
		_global.Behaviors.Sound.$sound_identifier$.start(0,1);
	}
	//End Behavior
]]>
		</actionscript>
	</behavior_definition>
</flash_behavior>