﻿<?xml version="1.0"?>

<!-- **************************************************************************** -->
<!-- Copyright 2003 Macromedia, Inc. All Rights Reserved.                         -->
<!-- The following is Sample Code and is subject to all restrictions on           -->
<!-- such code as contained in the End User License Agreement accompanying        -->
<!-- this product.                                                                -->
<!-- **************************************************************************** -->

<flash_behavior version="1.0">

<!--Below is where and how we define the behavior and its parameters-->

	<behavior_definition dialogID="Load_mp3_sound-dialog" category="Som" name="Carregar arquivo fluxo de MP3 ">
		<properties>
			<property id="sound_location"/> 
			<property id="sound_identifier"/>
		</properties>
	
		<!--The dialog window is tied to the controls below by its id-->
		<!--This controls generate the dialog using the XML to UI functionality-->
		
		<dialog id="Load_mp3_sound-dialog" title="Carregar arquivo fluxo de MP3 " buttons="accept, cancel">
			<grid>
			  <columns>
			    <column>				 
				  <rows>
					<row align="center">
				      <vbox>
					    <label value="Insira a URL para o arquivo .MP3 a ser carregado:                      "/> 
						<textbox literal="true" id="sound_location" tabindex="1" required="true" requiredname="local do som"/>
					  </vbox>
					</row>
				  </rows>
				  <rows>
					<row align="center">
				      <vbox>
					    <label value=""/> 
					    <label value="Digite um nome para esta ocorrência de som para referência futura:"/>
						<textbox id="sound_identifier" tabindex="2" required="true" requiredname="identificador do som" onchange="fl.runScript(fl.configURI + '/Javascript/InputRangeCheck.jsfl', 'requireAlphaNumericData','sound_identifier');"/> 
					  </vbox>
					</row>
				  </rows>
			    </column>				 
			  </columns>
			</grid>
		</dialog>
		<actionscript>
		
	<!-- Inside the CDATA section is where you place the Actionscript to be displayed in the AS panel-->
		
<![CDATA[
	//Load Streaming mp3 behavior
	if(_global.Behaviors == null)_global.Behaviors = {};
	if(_global.Behaviors.Sound == null)_global.Behaviors.Sound = {};
	if(typeof this.createEmptyMovieClip == 'undefined'){
		this._parent.createEmptyMovieClip('BS_$sound_identifier$',new Date().getTime()-(Math.floor((new Date().getTime()) /10000)*10000) );
		_global.Behaviors.Sound.$sound_identifier$ = new Sound(this._parent.BS_$sound_identifier$);
	} else {
		this.createEmptyMovieClip('_$sound_identifier$_',new Date().getTime()-(Math.floor((new Date().getTime()) /10000)*10000) );
		_global.Behaviors.Sound.$sound_identifier$ = new Sound(this.BS_$sound_identifier$);
	}
	_global.Behaviors.Sound.$sound_identifier$.loadSound($sound_location$,true);
]]>
		</actionscript>
	</behavior_definition>
</flash_behavior>