﻿<?xml version="1.0"?>

<!-- **************************************************************************** -->
<!-- Copyright 2003 Macromedia, Inc. All Rights Reserved.                         -->
<!-- The following is Sample Code and is subject to all restrictions on           -->
<!-- such code as contained in the End User License Agreement accompanying        -->
<!-- this product.                                                                -->
<!-- **************************************************************************** -->

<flash_behavior version="1.0">
<behavior_definition dialogID="Trigger-dialog" category="Dados" authoringEdition="pro" name="Acionar fonte de dados">
<properties>
	<property id="TARGET" default="nenhum"/> 
</properties>
  <dialog id="Trigger-dialog" title="Acionar fonte de dados" buttons="accept, cancel">
	<vbox>
		<label value="Selecione o componente de fonte de dados:" control="TARGET"/> 
		<targetlist id="TARGET" height="300" required="true" requiredname="DESTINO" class="mx.data.components.WebServiceConnector,mx.data.components.XMLConnector,mx.data.components.RemotingConnector"/>
	</vbox> 
  </dialog>
<actionscript>
<![CDATA[
	// Trigger Data Source Behavior
	// Macromedia 2003
	$TARGET$.trigger();
]]>
</actionscript>
</behavior_definition>
</flash_behavior>