\ufeff<?xml version="1.0" encoding="utf-8"?>
<?xul-overlay href="../../../XULControls/MovieclipControls.xml"?>
		<customactions>
			<actionspanelsupplement>
				<string name="getProperty" text="getProperty(% destino, propriedade %)">
					<parametersdialog>
						<label value="Destino:" control="TARGET" align="right"/>
						<expression id="TARGET" size="40" prompt="destino"/>
						<block id="MOVIECLIP_PROPERTIES"/>
					</parametersdialog>
				</string>
				<string name="attachMovie" object="MovieClip" text=".attachMovie(% idNome, novoNome, profundidade [, objetoInit] %)">
					<parametersdialog>
						<label value="Nome da ligação:" control="LINKAGE_EXPRESSION" align="right"/>
						<expression id="LINKAGE_EXPRESSION" size="40" prompt="identificador da ligação"/>
						<block id="INSTANCENAME"/>
						<label value="Profundidade:" control="LEVEL_TB" align="right"/>
						<textbox id="LEVEL_TB" size="30" prompt="nível"/>
						<block id="INITOBJ_OPT"/>
					</parametersdialog>
				</string>
				<string name="createEmptyMovieClip" object="MovieClip" text=".createEmptyMovieClip(% nomeOcorrência =&quot;&quot;, profundidade %)">
					<parametersdialog>
						<block id="INSTANCENAME"/>
						<block id="DEPTH"/>
					</parametersdialog>
				</string>
				<string name="createTextField" object="MovieClip" text=".createTextField(% nomeOcorrência=&quot;&quot;, profundidade, x, y, largura, altura %)">
					<parametersdialog>
						<block id="INSTANCENAME"/>
						<block id="DEPTH"/>
						<block id="XPOS"/>
						<block id="YPOS"/>
						<block id="WIDTH"/>
						<block id="HEIGHT"/>
					</parametersdialog>
				</string>
				<string name="duplicateMovieClip" object="MovieClip" text=".duplicateMovieClip(% novoNome=&quot;&quot;, profundidade, [objetoInit] %)">
					<parametersdialog>
						<block id="INSTANCENAME"/>
						<block id="DEPTH"/>
						<block id="INITOBJ_OPT"/>
					</parametersdialog>
				</string>
				<string name="getBounds" object="MovieClip" text=".getBounds(% espaçoCoordenadasDestino %)">
					<parametersdialog>
						<label value="Espaço de coordenadas:" control="TARGET_COORD_EXPRESSION" align="right"/>
						<expression id="TARGET_COORD_EXPRESSION" size="40" prompt="caminho de filme" literal="false"/>
					</parametersdialog>
				</string>
				<string name="getInstanceAtDepth" object="MovieClip" text=".getInstanceAtDepth(% profundidade %)">
					<parametersdialog>
						<block id="DEPTH"/>
					</parametersdialog>
				</string>
				<string name="getURL" object="MovieClip" text=".getURL(&quot;url&quot;%, [janela], [método] %)">
					<parametersdialog autolayout="false">
						<row>
							<label align="right" id="URL_LABEL"/>
							<hbox>
								<expression id="URL_EXPRESSION"/>
							</hbox>
						</row>
						<row>
							<label value="[Janela]:" control="WINDOW_MENU"/>
							<hbox>
								<expressionmenu width="20" literal="false" required="false" editable="true" id="WINDOW_MENU">
									<menuitem label="_self"/>
									<menuitem label="_blank"/>
									<menuitem label="_parent"/>
									<menuitem label="_top"/>
								</expressionmenu>
								<block id="URL_VARIABLES_OPT"/>
							</hbox>
						</row>
					</parametersdialog>
				</string>
				<string name="globalToLocal" object="MovieClip" text=".globalToLocal(% ponto %)">
					<parametersdialog>
						<block id="POINT"/>
					</parametersdialog>
				</string>
				<string name="gotoAndPlay" object="MovieClip" text=".gotoAndPlay(% quadro %)">
					<parametersdialog>
						<block id="FRAME"/>
					</parametersdialog>
				</string>
				<string name="gotoAndStop" object="MovieClip" text=".gotoAndStop(% quadro %)">
					<parametersdialog>
						<block id="FRAME"/>
					</parametersdialog>
				</string>
				<string name="loadMovie" object="MovieClip" text=".loadMovie(% url, [método] %)">
					<parametersdialog>
						<block id="URL"/>
						<block id="URL_VARIABLES_OPT"/>
					</parametersdialog>
				</string>
				<string name="loadVariables" object="MovieClip" text=".loadVariables(% url, [método] %)">
					<parametersdialog>
						<block id="URL"/>
						<block id="URL_VARIABLES_OPT"/>
					</parametersdialog>
				</string>
				<string name="localToGlobal" object="MovieClip" text=".localToGlobal(% ponto %)">
					<parametersdialog>
						<block id="POINT"/>
					</parametersdialog>
				</string>
				<string name="setMask" object="MovieClip" text=".setMask(% mascararClipefilme %)">
					<parametersdialog>
						<label value="Mascarar clipe de filme:" control="MASKCLIP_EXPRESSION"/>
						<expression id="MASKCLIP_EXPRESSION" size="40" prompt="clipe de filme"/>
					</parametersdialog>
				</string>
				<string name="startDrag" object="MovieClip" text=".startDrag(% [bloquearCentro], [esquerda], [parte superior], [direita], [parte inferior] %)">
					<parametersdialog>
						<label value="[Bloquear centro]:" control="LOCKCENTER_EXPRESSION"/>
						<expression id="LOCKCENTER_EXPRESSION" size="40" prompt="true/false"/>
						<label value="[Esquerda]:" control="LEFT_TEXTBOX"/>
						<textbox id="LEFT_TEXTBOX" size="20" prompt="coordenada x"/>
						<label value="[Parte superior]:" control="TOP_TEXTBOX"/>
						<textbox id="TOP_TEXTBOX" size="20" prompt="coordenada y"/>
						<label value="[Direita]:" control="RIGHT_TEXTBOX"/>
						<textbox id="RIGHT_TEXTBOX" size="20" prompt="coordenada x"/>
						<label value="[parte inferior]:" control="BOTTOM_TEXTBOX"/>
						<textbox id="BOTTOM_TEXTBOX" size="20" prompt="coordenada y"/>
					</parametersdialog>
				</string>
				<string name="beginFill" object="MovieClip" text=".beginFill(% rgb, alfa %)">
					<parametersdialog>
						<block id="RGB"/>
						<block id="ALPHA_OPT"/>
					</parametersdialog>
				</string>
				<string name="lineStyle" object="MovieClip" text=".lineStyle(% espessura, [rgb], [alfa], [referênciaPixel], [semEscala], [estiloExtremidade], [estiloUnião], [limiteMitre] %)">
					<parametersdialog>
						<label value="Espessura:" control="THICKNESS_TEXTBOX"/>
						<textbox id="THICKNESS_TEXTBOX" size="10" prompt="0-255"/>
						<block id="RGB_OPT"/>
						<label value="[Alfa]:" control="ALPHA_TBOX"/>
						<textbox id="ALPHA_TBOX" size="10" prompt="0-100"/>
						<label value="[Referência]:" control="HINTING_TBOX"/>
						<textbox id="HINTING_TBOX" size="10" prompt="booleano"/>
						<label value="[Sem escala]:" control="NOSCALE_MENU"/>
						<menulist width="100" oncreate="fl.runScript(fl.configURI + &apos;/Javascript/movieclip.jsfl&apos;, &apos;setControlToNoScale&apos;,&apos;NOSCALE_MENU&apos;);" editable="true" id="NOSCALE_MENU">
							<menuitem label=""/>
						</menulist>
						<label value="[Estilo da extremidade]:" control="CAPSTYLE_MENU"/>
						<menulist width="100" oncreate="fl.runScript(fl.configURI + &apos;/Javascript/movieclip.jsfl&apos;, &apos;setControlToCapsStyle&apos;,&apos;CAPSTYLE_MENU&apos;);" editable="true" id="CAPSTYLE_MENU">
							<menuitem label=""/>
						</menulist>
						<label value="[Estilo de junção]:" control="JOINTSTYLE_MENU"/>
						<menulist width="100" oncreate="fl.runScript(fl.configURI + &apos;/Javascript/movieclip.jsfl&apos;, &apos;setControlToJointStyle&apos;,&apos;JOINTSTYLE_MENU&apos;);" editable="true" id="JOINTSTYLE_MENU">
							<menuitem label=""/>
						</menulist>
						<label value="[Limite de Mitre]:" control="MITER_TBOX"/>
						<textbox id="_TBOX" size="10" prompt="1-255"/>
					</parametersdialog>
				</string>
			</actionspanelsupplement>
		</customactions>
