<?xml version="1.0"?>
<flash_formatter version="1.0">
	<formatter_definition dialogID="CustomDialog" category="Tipos básicos" name="Custom Formatter">
		<properties>
			<property id="classname" default="" class="yes"/> 			
		</properties>
		<dialog id="CustomDialog" title="Configurações do formatador personalizadas" buttons="accept, cancel">
			<hbox>
               <label value="Classe ActionScript " control="classname"/> 
               <textbox id="classname"/>
            </hbox>
		</dialog>
		<actionscript class="mx.data.formatters.Custom"/>
	</formatter_definition>
</flash_formatter>
