<?xml version="1.0"?>
<flash_formatter version="1.0">
	<formatter_definition dialogID="Dialog" category="Tipos básicos" name="Rearrange Fields">
		<properties>
			<property id="fields" default=""/> 
		</properties>
		<dialog id="Dialog" title="Reorganizar campos" buttons="accept, cancel">
			<vbox>
				<hbox>
					<label value="Definições de campos:" control="fields"/> 
					<textbox id="fields" width="300"/>
				</hbox>
			</vbox>
		</dialog>
		<actionscript class="mx.data.formatters.RearrangeFields"/>
	</formatter_definition>
</flash_formatter>
