<?xml version="1.0"?>
<flash_formatter version="1.0">
	<formatter_definition dialogID="NumberDialog" category="Tipos básicos" name="Number Formatter">
		<properties>
			<property id="precision" default="2"/> 
		</properties>
		<dialog id="NumberDialog" title="Configurações de formatos numéricos" buttons="accept, cancel">
			<hbox>
               <label value="Precisão" control="precision"/> 
               <textbox id="precision"/>
            </hbox>
		</dialog>
		<actionscript class="mx.data.formatters.NumberFormatter"/>
	</formatter_definition>
</flash_formatter>
