﻿<?xml version="1.0" encoding="UTF-8"?>
<MotionPresets>
	<name source="bounce-in-3D" target="salto interno - 3D"></name>
	<name source="bounce-out-3D" target="salto externo - 3D"></name>
	<name source="bounce-smoosh" target="salto rápido"></name>
	<name source="fly-in-blur-bottom" target="voar para dentro - desfoque – inferior"></name>
	<name source="fly-in-blur-left" target="voar para dentro - desfoque - esquerda"></name>
	<name source="fly-in-blur-right" target="voar para dentro - desfoque - direita"></name>
	<name source="fly-in-blur-top" target="voar para dentro - desfoque - superior"></name>
	<name source="fly-in-bottom" target="voar para dentro - inferior"></name>
	<name source="fly-in-left" target="voar para dentro - esquerda"></name>
	<name source="fly-in-right" target="voar para dentro - direita"></name>
	<name source="fly-in-top" target="voar para dentro - superior"></name>
	<name source="fly-out-bottom" target="voar para fora - inferior"></name>
	<name source="fly-out-left" target="voar para fora - esquerda"></name>
	<name source="fly-out-right" target="voar para fora - direita"></name>
	<name source="fly-out-top" target="voar para fora - superior"></name>
	<name source="flyin-pause-flyout" target="voar para dentro – pausa – voar para fora"></name>
	<name source="large-bounce" target="grande salto"></name>
	<name source="med-bounce" target="salto médio"></name>
	<name source="multiple-bounce" target="vários saltos"></name>
	<name source="pulse" target="intermitente"></name>
	<name source="small-bounce" target="pequeno salto"></name>
	<name source="smoke" target="fumaça"></name>
	<name source="spiral-3D" target="espiral - 3D"></name>
	<name source="swoosh" target="chicotada"></name>
	<name source="text-scroll-3D" target="rolagem de texto - 3D"></name>
	<name source="wave" target="onda"></name>
	<name source="zoom-in-2D" target="mais zoom - 2D"></name>
	<name source="zoom-in-3D" target="mais zoom - 3D"></name>
	<name source="zoom-out-2D" target="menos zoom - 2D"></name>
	<name source="zoom-out-3D" target="menos zoom - 3D"></name>
</MotionPresets>