﻿<?xml version="1.0" encoding="utf-8"?>
<Commands>
  <name source="AIR - Application and Installer Settings" target="AIR – Configurações do Instalador e Aplicativo"></name>
  <name source="AIR - Create AIR File" target="AIR – Criar arquivo AIR"></name>
  <name source="Copy Motion as XML" target="Copiar movimento como XML"></name>
  <name source="Export Motion XML" target="Exportar XML de movimento"></name>
  <name source="Import Motion XML" target="Importar XML de movimento"></name>
  <name source="Copy Font Name for ActionScript" target="Copiar nome da fonte para ActionScript"></name>
  <name source="Convert Symbol to Flex Container" target="Converter símbolo em recipiente Flex"></name>
  <name source="Convert Symbol to Flex Component" target="Converter símbolo em componente Flex"></name>
</Commands>