﻿<?xml version="1.0" encoding="utf-8"?>
<toolbox>
		<actionspanelsupplement>
			<string name="setSelectColor" object="[flash.text.TextSnapshot]" text=".setSelectColor(%[corHex:uint=0xFFFF00]%):void">
				<parametersdialog>
					<label value="Cor:" control="COLORCHIP"/>
					<colorchip id="COLORCHIP" format="hex"/>
				</parametersdialog>
			</string>
			<string name="trace" text="trace(%argumentos:argumento de tamanho variável%):void">
				<parametersdialog>
					<label value="Argumentos:" control="EXPRESSION" align="right"/>
					<expression id="EXPRESSION" size="60" flex="1" prompt="argumento de tamanho variável"/>
				</parametersdialog>
			</string>
		</actionspanelsupplement>
</toolbox>
