﻿<?xml version="1.0"?>
<flash_encoder version="1.0">
	<encoder_definition dialogID="Dialog" category="Tipos básicos" name="Boolean">
		<properties>
			<property id="trueStrings" default="sim,SIM,Sim,s,V,v,verdadeiro,Verdadeiro,VERDADEIRO"/> 
			<property id="falseStrings" default="não,NÃO,Não,n,F,f,falso,Falso,FALSO"/>
		</properties>
		<dialog id="Dialog" title="Codificador booliano" buttons="accept, cancel">
			<grid>		
				<columns>
					<column/> 
					<column/>
				</columns>
	
				<row>
					<label value="Strings que significa verdadeiro:  " control="trueStrings"/> 
					<textbox id="trueStrings" width="50"/>
				</row>
				<row>
					<label value="Strings que significa falso:  " control="falseStrings"/> 
					<textbox id="falseStrings" width="50"/>
				</row>
			</grid>	
		</dialog>
		<actionscript class="mx.data.encoders.Bool"/>
	</encoder_definition>
</flash_encoder>
