<?xml version="1.0"?>
<flash_encoder version="1.0">
	<encoder_definition dialogID="Dialog" category="Tipos básicos" name="Date">
		<properties>
			<property id="format" default="DD/MM/YYYY HH:MM:SS"/> 
		</properties>
		<dialog id="Dialog" title="Configurações do codificador de data" buttons="accept, cancel">
			<grid>		
				<columns>
					<column/> 
					<column/>
				</columns>
	
				<row>
					<label value="Formato: " control="format"/> 
					<textbox id="format" width="65"/>
				</row>
			</grid>	
		</dialog>
		<actionscript class="mx.data.encoders.Dte"/>
	</encoder_definition>
</flash_encoder>
