﻿<locale language="pt">
  <s key="ADD_TO_FRAME_TIP">Adicionar ao quadro atual</s>
  <s key="COPY_TO_CLIPBOARD_TIP">Copiar para área de transferência</s>
  <s key="OPTIONS_MENU_TIP">Opções</s>
  <s key="CSP_LBL_CREATE_SNIPPET">Criar novo snippet de código</s>
  <s key="CSP_LBL_EDIT_XML">Editar XML de snippets de código</s>
  <s key="CSP_LBL_REFRESH">Atualizar</s>
  <s key="CSP_LBL_RESET_DEFAULT_XML">Redefinir para XML padrão</s>
  <s key="CSP_LBL_SHOW_WARNINGS">Exibir todas as caixas de diálogo de aviso</s>
  <s key="CSP_LBL_HELP">Ajuda...</s>
  <s key="CSP_LBL_IMPORT_XML">Importar XML de Snippets de código</s>
  <s key="CSP_LBL_EXPORT_XML">Exportar XML de Snippets de código</s>
  <s key="CM_LBL_ADD_TO_FRAME">Adicionar ao quadro</s>
  <s key="CM_LBL_COPY_TO_CLIPBOARD">Copiar para área de transferência</s>
  <s key="DLG_MSG_NOT_A_SYMBOL">Sua seleção deve ser convertida para um clipe de filme para ser aplicada a um snippet de código. O Flash vai converter e criar um nome de instância para você antes de aplicar o snippet de código.</s>
  <s key="DLG_MSG_NO_SELECTION">Essa ação exige que um objeto seja selecionado no Palco. </s>
  <s key="DLG_MSG_NO_INSTANCE_NAME">'{instanceName}' não é um nome de ocorrência válido. Um nome de ocorrência deve começar com um caractere alfabético ou outro símbolo compatível e pode conter caracteres alfanuméricos e símbolos compatíveis,&#160;mas não espaços. Não pode ser uma palavra reservada.</s>
  <s key="DLG_MSG_SELECT_SNIPPET">Selecione primeiro um snippet de código.</s>
  <s key="DLG_MSG_CONFIRM_DELETE">Tem certeza de que deseja restaurar ao arquivo xml padrão de snippets de código? Você vai perder os snippets de código personalizados.</s>
  <s key="DLG_MSG_NEED_A_FLA">Abra um arquivo FLA primeiro.</s>
  <s key="DLG_MSG_NEED_MC_TIMELINE">Para adicionar código para este objeto, selecione uma instância do objeto na linha de tempo principal ou na linha de tempo de um clipe de filme.</s>
  <s key="GBL_URL_HELP">http://www.adobe.com/go/learn_flcs5_codesnippetspanel_br</s>
  <s key="DLG_IMPORT_XML">Selecione o arquivo xml de snippets de código a ser importado.</s>
  <s key="DLG_EXPORT_XML">Salve os snippets de código como xml.</s>
  <s key="DLG_MSG_MALFORMED_XML">Não foi possível carregar o XML. Verifique se o XML está corretamente formatado e não contêm caracteres especiais.</s>
  <s key="DLG_MSG_EXPORT_FAILED">Não foi possível salvar o arquivo XML.</s>
  <s key="CUSTOM_TITLE">Personalizado</s>
  <s key="CUSTOM_DESC">Snippets de código personalizados.</s>
  <s key="DLG_MSG_UNSUPPORTED_VERSION">Este snippet de código</s>
  <s key="CSP_LBL_DELETE_SNIPPET">Excluir snippet de código</s>
  <s key="DLG_MSG_CONFIRM_SNIPPET_DELETE">Tem certeza de que deseja excluir "{snippetName}"?</s>
</locale>
