﻿<dialog id="dialog"
	title="Criar novo snippet de código"
	buttons="accept, cancel" >
	<script>
			function autoFillCode()
			{
				var doc = fl.getDocumentDOM();
				if(doc != null)
				{
					fl.xmlui.set("Code", fl.actionsPanel.getSelectedText(true));
				}
				else
				{
					alert("Selecione o código em um arquivo FLA.");
				}
			}
	 </script>

	<grid>
		<columns>
			<column />
			<column />
		</columns>
		<rows>
			<row>
				<label value="Título: "
					align="right" control="title_ipt"/>
				<textbox id="Title" required="true"
					width="500"
					requiredname="Título"/>
			</row>
			<row>
				<label value="Descrição: "
					align="right" control="tooltip_ipt"/>
				<textbox id="Tooltip" required="true"
					width="500"
					requiredname="Descrição"/>
			</row>
			<row>
				<label value="" />
				<hbox>
					<label value="Usar código selecionado no Painel de Ações?"/>
					<button id="autoFill_btn"
						label="Preenchimento automático"
						oncommand="autoFillCode();"/>
				</hbox>
			</row>
			<row>
				<label value=" Código: "
					align="right" control="code_ipt"/>
				<textbox id="Code" multiline="true" required="true"
					width="500"
					rows="6"
					requiredname="Código"/>
			</row>
			<row>
				<label value="" align="right" control="requiresSymbol_ch" />
				<checkbox id="requiresSymbol_ch" wordwrap="true"
					label="Substitua automaticamente instance_name_here ao aplicar o snippet de código."
					checked="false" oncommand="autoFillCode();"/>
			</row>
		</rows>
	</grid>
</dialog>
