﻿<?xml version="1.0" encoding="utf-8" standalone="yes"?>
<androidFeatures>
    <feature>
        <featureName>INTERNET</featureName>
        <description>Permite que o aplicativo faça solicitações de rede, além de permitir a depuração no dispositivo</description>
    </feature>
    <feature>
        <featureName>WRITE_EXTERNAL_STORAGE</featureName>
        <description>Permite ao aplicativo gravar no cartão de memória externo do dispositivo</description>
    </feature>
    <feature>
        <featureName>READ_PHONE_STATE</featureName>
        <description>Permite ao tempo de execução do AIR silenciar o áudio durante as chamadas telefônicas</description>
    </feature>
    <feature>
        <featureName>ACCESS_FINE_LOCATION</featureName>
        <description>Permite ao aplicativo acessar dados GPS por meio da classe Geolocation</description>
    </feature>
	    <feature>
        <featureName>ACCESS_COARSE_LOCATION</featureName>
        <description>Permite ao aplicativo acessar dados de local de rede WIFI e celular por meio da classe Geolocation</description>
    </feature>
    <feature>
        <featureName>CAMERA</featureName>
        <description>Permite ao aplicativo acessar a câmera do dispositivo</description>
    </feature>
    <feature>
        <featureName>RECORD_AUDIO</featureName>
        <description>Permite ao aplicativo acessar o microfone do dispositivo</description>
    </feature>
    <feature>
    <featureName>DISABLE_KEYGUARD</featureName>
        <description>Permite ao aplicativo impedir que o dispositivo entre no modo de suspensão por meio do uso das configurações da classe SystemIdleMode</description>
    </feature>
    <feature>
        <featureName>WAKE_LOCK</featureName>
        <description>Permite ao aplicativo impedir que o dispositivo entre no modo de suspensão por meio do uso das configurações da classe SystemIdleMode</description>
    </feature>
    <feature>
        <featureName>ACCESS_NETWORK_STATE</featureName>
        <description>Permite ao aplicativo acessar informações de rede por meio da classe NetworkInfo</description>
    </feature>
    <feature>
        <featureName>ACCESS_WIFI_STATE</featureName>
        <description>Permite ao aplicativo acessar informações de rede por meio da classe NetworkInfo</description>
    </feature>
</androidFeatures>
